,date_time,tick_num,open,high,low,close,volume,cum_buy_volume,cum_ticks,cum_dollar_value,kdj_k,kdj_d
0,2017-12-15,40,1.571,4.12,1.49,4.12,16360811.75,9917384.239999998,40,36926980.540625,,
1,2017-12-20,45,4.6378,6.0,4.6378,5.1502,6943612.48,3761439.9,5,38880520.720479,,
2,2017-12-26,51,5.1596,9.254,4.2912,9.254,9170170.31,7570698.65,6,59763083.77727801,,
3,2017-12-28,53,10.0731,10.0731,9.25,9.25,5444309.69,2851073.22,2,52706582.999882,,
4,2018-01-01,57,8.7094,8.7094,7.5947,8.45,4993423.33,1289214.15,4,41251335.042049,,
5,2018-01-05,61,8.715,14.8908,8.715,14.8908,5939498.05,4975003.1099999985,4,69809488.81455201,,
6,2018-01-06,62,22.6,22.6,22.6,22.6,3130487.22,3130487.22,1,70749011.17199999,,
7,2018-01-08,64,18.594,18.594,17.9971,17.9971,3655829.71,0.0,2,66715805.897921994,,
8,2018-01-10,66,17.399,17.5,17.399,17.5,2481929.1,1172651.15,2,43301522.17705,,
9,2018-01-11,67,21.2024,21.2024,21.2024,21.2024,3542366.83,3542366.83,1,75106678.476392,,
10,2018-01-12,68,22.1999,22.1999,22.1999,22.1999,2902338.37,2902338.37,1,64431621.580163,,
11,2018-01-14,70,22.0246,22.0246,20.4541,20.4541,2464539.04,0.0,2,52106783.670619,,
12,2018-01-15,71,19.3396,19.3396,19.3396,19.3396,2288556.77,0.0,1,44259772.509091996,,
13,2018-01-16,72,13.1996,13.1996,13.1996,13.1996,9933431.45,0.0,1,131117321.76742,55.469445760303174,
14,2018-01-17,73,14.1998,14.1998,14.1998,14.1998,9971697.17,9971697.17,1,141596105.47456598,54.11933059512365,
15,2018-01-18,74,14.1397,14.1397,14.1397,14.1397,6699252.37,0.0,1,94725418.736089,53.791073145154236,54.45994983352702
16,2018-01-19,75,14.9447,14.9447,14.9447,14.9447,3004070.17,3004070.17,1,44894927.46959899,48.98269278188373,52.297698840720535
17,2018-01-20,76,16.1712,16.1712,16.1712,16.1712,2617140.33,2617140.33,1,42322299.704496,57.15647138011235,53.31007910238344
18,2018-01-21,77,14.1334,14.1334,14.1334,14.1334,3318363.34,0.0,1,46899756.429556,39.02340655383507,48.38752357194372
19,2018-01-22,78,12.91,12.91,12.91,12.91,2873190.83,0.0,1,37092893.6153,0.0,32.05995931131581
20,2018-01-24,80,13.1022,13.8,13.1022,13.8,4283018.72,4283018.72,2,57475714.794312,9.58029688155955,16.201234478464873
21,2018-01-26,82,13.1905,13.1905,13.1344,13.1344,3216488.610000001,0.0,2,42326738.774289005,2.4155265395752297,3.9986078070449267
22,2018-01-29,85,13.3994,13.7739,12.815,12.815,3228233.5,2370280.29,3,43270841.115526,0.0,3.9986078070449267
23,2018-02-01,88,11.4749,11.4749,9.5138,9.5138,4438671.05,0.0,3,46526405.84977,0.0,0.8051755131917435
24,2018-02-02,89,9.7484,9.7484,9.7484,9.7484,4023356.31,4023356.31,1,39221286.652403995,1.8751798446142565,0.6250599482047526
25,2018-02-04,91,9.7252,9.7252,8.3511,8.3511,4364600.49,0.0,2,39676868.487491,0.0,0.6250599482047526
26,2018-02-06,93,6.7315,8.263,6.7315,8.263,9286693.33,6158895.87,2,71945725.1758,16.224032543407105,6.033070796007121
27,2018-02-08,95,8.0647,8.2791,8.0647,8.2791,4501279.07,91986.49,2,36321187.219285,16.3945888110851,10.872873784830736
28,2018-02-10,97,9.86,9.86,9.2448,9.2448,5755785.050000002,2406640.35,2,54691646.773559995,26.62478680466541,19.747802719719203
29,2018-02-12,99,8.674,9.3389,8.674,9.3389,4934194.8599999985,1912462.38,2,44070802.452102005,27.621640518236823,23.547005377995777
30,2018-02-14,101,9.016,10.4096,9.016,10.4096,3934028.63,2568177.67,2,39048214.528992,38.964161996673624,31.07019643985862
31,2018-02-15,102,10.8661,10.8661,10.8661,10.8661,4236021.22,4236021.22,1,46029030.178642,55.85863089206825,40.81481113565957
32,2018-02-17,104,11.25,11.66,11.25,11.66,4247500.1400000015,4247500.1400000015,2,48718566.986999996,69.72483553795006,54.84920947556398
33,2018-02-19,106,10.6631,11.0601,10.6631,11.0601,3520665.18,1336755.03,2,38071896.627768,61.2378863973969,62.27378427580507
34,2018-02-21,108,9.8888,9.8888,9.3799,9.3799,4634947.41,0.0,2,44675075.714231,37.60649778484607,56.18973990673101
35,2018-02-24,111,8.86,9.693,8.86,9.0873,4771176.68,1621549.49,3,43931787.71719501,33.451664205384546,44.098682795875845
36,2018-02-27,114,9.35,10.56,9.35,10.56,4532361.69,4532361.69,3,45975611.07549501,77.68083595414427,49.579665981458305
37,2018-03-02,117,10.4536,10.4768,10.2348,10.2348,3545396.02,1224834.48,3,36935176.569372,71.08247945622401,60.73832653858428
38,2018-03-07,122,10.2399,10.4139,9.0405,9.0405,5565795.99,1227780.46,5,52709582.016433,46.84995434716445,65.20442325251092
39,2018-03-10,125,8.2703,8.2807,7.65,7.65,6041683.68,1949612.67,3,48613844.590655,18.636501978289555,45.522978593892674
40,2018-03-12,127,8.267999999999999,8.267999999999999,8.033999999999999,8.033999999999999,5190509.52,2660649.85,2,42323145.54858001,9.57605985037403,25.02083872527602
41,2018-03-13,128,10.2188,10.2188,10.2188,10.2188,7227864.56,7227864.56,1,73860102.36572799,64.05985037406484,30.757470734242816
42,2018-03-14,129,8.9243,8.9243,8.9243,8.9243,5154134.62,0.0,1,45997043.589265995,31.778054862842897,35.13798836242726
43,2018-03-15,130,9.1047,9.1047,9.1047,9.1047,4274358.77,4274358.77,1,38916754.29321899,36.27680798004985,44.03823773898586
44,2018-03-16,131,9.0645,9.0645,9.0645,9.0645,4046429.23,0.0,1,36678857.755334996,35.27431421446385,34.44305901911887
45,2018-03-18,133,8.9231,8.9648,8.9231,8.9648,7910780.56,3959581.29,2,70753800.554729,32.78802992518703,34.77971737323359
46,2018-03-20,135,9.035,9.1618,9.035,9.1618,7834045.050000002,7834045.050000002,2,71278440.37233001,44.333010762147715,37.465118300599535
47,2018-03-21,136,9.9777,9.9777,9.9777,9.9777,4959307.31,4959307.31,1,49482480.546987,79.98969072164948,52.37024380299474
48,2018-03-22,137,10.0806,10.0806,10.0806,10.0806,4709042.44,4709042.44,1,47469973.22066401,83.52577319587628,69.2828248932245
49,2018-03-23,138,11.7397,11.7397,11.7397,11.7397,5510835.71,5510835.71,1,64695557.98468699,100.0,87.83848797250859
50,2018-03-24,139,13.2398,13.2398,13.2398,13.2398,8441747.33,8441747.33,1,111767046.299734,100.0,94.5085910652921
51,2018-03-25,140,12.95,12.95,12.95,12.95,6175307.17,0.0,1,79970227.85149999,94.81555690722385,98.27185230240796
52,2018-03-26,141,12.05,12.05,12.05,12.05,5486492.23,0.0,1,66112231.37150001,78.71480196071417,91.17678628931269
53,2018-03-27,142,11.5404,11.5404,11.5404,11.5404,4077306.58,0.0,1,47053748.855832,67.35564178416381,80.29533355070062
54,2018-03-28,143,11.6888,11.6888,11.6888,11.6888,3219334.4,3219334.4,1,37630155.93472,64.06977552296894,70.04673975594899
55,2018-03-29,144,10.1877,10.1877,10.1877,10.1877,3602154.55,0.0,1,36697669.909035,29.295526675469674,53.573647994200826
56,2018-03-30,145,10.3955,10.3955,10.3955,10.3955,3795257.43,3795257.43,1,39453598.61356501,34.10938911668636,42.49156377170835
57,2018-03-31,146,11.050999999999998,11.050999999999998,11.050999999999998,11.050999999999998,4177534.21,4177534.21,1,46165930.55471,49.29460004169848,37.56650527795153
58,2018-04-01,147,11.0767,11.0767,11.0767,11.0767,4095797.21,4095797.21,1,45367916.95600701,49.889962239673835,44.43131713268625
59,2018-04-02,148,12.5996,12.5996,12.5996,12.5996,4507155.16,4507155.16,1,56788352.15393601,84.77454337899543,61.31970188678927
60,2018-04-03,149,13.305,13.305,13.305,13.305,5149823.24,5149823.24,1,68518398.20820001,100.0,78.22150187288977
61,2018-04-04,150,12.21,12.21,12.21,12.21,5112820.69,0.0,1,62427540.62490001,66.04019352437666,83.60491230112406
62,2018-04-05,151,12.4888,12.4888,12.4888,12.4888,4295442.59,4295442.59,1,53644923.417992,73.8170852981747,79.95242627418384
63,2018-04-06,152,12.2599,12.2599,12.2599,12.2599,3151837.66,0.0,1,38641214.527834006,66.4741924100985,68.77715707755
64,2018-04-07,153,12.5,12.5,12.5,12.5,3256833.91,3256833.91,1,40710423.875,74.17637057710199,71.48921609512512
65,2018-04-08,154,12.1311,12.1311,12.1311,12.1311,3085224.78,0.0,1,37427170.328658,62.34241170243481,67.66432489654514
66,2018-04-10,156,11.8888,12.0904,11.8888,12.0904,6460486.06,3449392.51,2,77502824.200144,61.03679466204732,65.85185898052806
67,2018-04-11,157,12.33,12.33,12.33,12.33,3394146.16,3394146.16,1,41849822.1528,68.7229333076701,64.0340465573841
68,2018-04-12,158,13.0087,13.0087,13.0087,13.0087,4889173.13,4889173.13,1,63601786.496231005,90.49497962980783,73.41823586650843
69,2018-04-13,159,13.52,13.52,13.52,13.52,5339975.42,5339975.42,1,72196467.6784,100.0,86.40597097915933
70,2018-04-14,160,13.2888,13.2888,13.2888,13.2888,3521128.98,0.0,1,46791578.789424,90.63588497367358,93.71028820116048
71,2018-04-15,161,13.0989,13.0989,13.0989,13.0989,3854973.61,0.0,1,50495913.820029,82.76511275733641,91.13366591033666
72,2018-04-17,163,12.2342,12.2342,11.777000000000001,11.777000000000001,5154025.470000002,0.0,2,61937747.975874,0.0,57.800332577003324
73,2018-04-19,165,12.2999,12.360999999999999,12.2999,12.360999999999999,5140553.0,5140553.0,2,63374994.361215,33.50545037292016,38.75685437675218
74,2018-04-21,167,12.5858,13.3302,12.5858,13.3302,7293470.42,7293470.42,2,95185674.021832,89.1107286288009,40.87205966724034
75,2018-04-23,169,12.8888,13.645,12.8888,13.645,7012751.71,4448320.55,2,93749774.239758,100.0,74.20539300057368
76,2018-04-24,170,15.0895,15.0895,15.0895,15.0895,4773630.91,4773630.91,1,72031703.61644499,100.0,96.37024287626696
77,2018-04-25,171,13.3999,13.3999,13.3999,13.3999,5198344.23,0.0,1,69657292.847577,48.993207547169824,82.99773584905661
78,2018-04-26,172,14.63,14.63,14.63,14.63,4222900.08,4222900.08,1,61781028.1704,86.12830188679249,78.37383647798742
79,2018-04-27,173,14.2396,14.2396,14.2396,14.2396,2886054.25,0.0,1,41096258.0983,74.34264150943395,69.82138364779875
80,2018-04-28,174,15.2011,15.2011,15.2011,15.2011,3784189.33,3784189.33,1,57523840.424263,100.0,86.82364779874213
81,2018-04-29,175,15.0489,15.0489,15.0489,15.0489,2829207.93,0.0,1,42576467.217777,95.55503635991937,89.96589262311777
82,2018-05-01,177,14.3291,14.3291,14.1711,14.1711,4050702.17,0.0,2,57728884.07290699,69.91910282994067,88.49137972995334
83,2018-05-03,179,14.439,14.6999,14.439,14.6999,4599799.5600000005,4599799.5600000005,2,67069415.704684,85.36257702754006,83.61223873913336
84,2018-05-05,181,14.3622,14.4468,14.3622,14.4468,3752874.6,1877245.04,2,54058350.510504,77.970853654975,77.75084450415191
85,2018-05-07,183,14.012,14.012,13.71,13.71,3750713.14,0.0,2,52056269.2224,56.452790514295735,73.26207373227025
86,2018-05-09,185,13.4981,14.6417,13.4981,14.6417,4040749.71,2600990.7,2,57516936.62507101,80.71832345236454,71.71398920721175
87,2018-05-11,187,13.7957,13.7957,12.9884,12.9884,3221761.29,0.0,2,43180795.552026,15.394027453829375,50.855047140163215
88,2018-05-13,189,12.9319,13.1515,12.9319,13.1515,3152057.27,1879918.95,2,41174919.61133301,11.360982571465664,35.82444449255319
89,2018-05-16,192,12.8388,12.8388,12.2901,12.2901,3903453.62,0.0,3,49140316.859332,0.0,8.91833667509834
90,2018-05-18,194,12.3777,15.1363,12.3777,15.1363,7346236.16,7346236.16,2,106466134.59895,97.77396083819994,36.37831446988853
91,2018-05-19,195,14.33,14.33,14.33,14.33,3387951.86,0.0,1,48549350.1538,70.07557540364134,55.94984541394709
92,2018-05-21,197,14.1666,14.6996,14.1666,14.6996,4957412.7,2546234.23,2,71586825.60041001,82.77224321538989,83.54059315241038
93,2018-05-23,199,13.888,13.888,12.4998,12.4998,4576454.17,0.0,2,60482342.902774,7.20371006526966,53.35050956143362
94,2018-05-25,201,13.0288,13.0288,13.0129,13.0129,2892818.110000001,1576180.03,2,37669014.046096005,25.395263860586027,38.45707238041518
95,2018-05-28,204,12.7888,12.7888,11.9179,11.9179,3224300.1400000006,0.0,3,40221647.876227,0.0,10.866324641951882
96,2018-05-31,207,12.6073,14.2,12.6073,14.2,5494574.39,5494574.39,3,73628862.57285199,70.90790454884413,32.10105613647671
97,2018-06-02,209,14.2888,14.6732,14.2888,14.6732,4679549.529999998,4679549.529999998,2,67771945.54042399,85.61086254039272,52.17292236307893
98,2018-06-04,211,14.6995,14.6995,14.2636,14.2636,3812509.53,2237218.88,2,55355314.6419,72.88404175988069,76.46760294970584
99,2018-06-05,212,15.6156,15.6156,15.6156,15.6156,2607589.16,2607589.16,1,40719069.28689601,100.0,86.16496810009112
100,2018-06-06,213,17.275,17.275,17.275,17.275,3866321.8,3866321.8,1,66790709.09499999,100.0,90.96134725329354
101,2018-06-07,214,16.2791,16.2791,16.2791,16.2791,3248655.04,0.0,1,52885180.261664,81.40971794441025,93.8032393148034
102,2018-06-08,215,16.2292,16.2292,16.2292,16.2292,2536838.57,0.0,1,41170860.520244,80.47824382595061,87.29598725678693
103,2018-06-09,216,16.0188,16.0188,16.0188,16.0188,2334912.18,0.0,1,37402491.228984006,76.55074573929926,79.47956916988669
104,2018-06-10,217,14.18,14.18,14.18,14.18,2579153.65,0.0,1,36572398.757,42.226204476302485,66.41839801385076
105,2018-06-11,218,15.47,15.47,15.47,15.47,2472371.47,2472371.47,1,38247586.64090001,66.30639711784364,61.69444911114843
106,2018-06-12,219,15.2263,15.2263,15.2263,15.2263,3485152.76,0.0,1,53065981.469588004,61.757294058352485,56.763298550832836
107,2018-06-13,220,14.5888,14.5888,14.5888,14.5888,3148409.74,0.0,1,45931520.01491201,49.857198857590895,59.30696334459564
108,2018-06-14,221,14.867,14.867,14.867,14.867,2693075.27,2693075.27,1,40037950.03909,55.05030706912325,55.5549333283555
109,2018-06-15,222,14.9895,14.9895,14.9895,14.9895,2572848.48,2572848.48,1,38565712.29096,51.03584206354308,51.98111599675237
110,2018-06-16,223,15.7602,15.7602,15.7602,15.7602,2452263.98,2452263.98,1,38648170.777596004,51.05654281098546,52.38089731455056
111,2018-06-17,224,16.5987,16.5987,16.5987,16.5987,3238566.8,3238566.8,1,53755998.743159994,78.14862681744756,60.080337230658664
112,2018-06-18,225,16.8111,16.8111,16.8111,16.8111,2847219.22,2847219.22,1,47864887.029341996,85.01130856219712,71.40549273021001
113,2018-06-20,227,16.7556,16.7556,16.0773,16.0773,4069393.43,0.0,2,66861502.17705301,61.30210016155095,74.82067851373185
114,2018-06-21,228,17.0727,17.0727,17.0727,17.0727,3562967.67,3562967.67,1,60829478.139608994,100.0,82.10446957458265
115,2018-06-22,229,15.56,15.56,15.56,15.56,3363308.98,0.0,1,52333087.7288,47.706295156773955,69.66946510610826
116,2018-06-24,231,15.6398,15.6398,14.4174,14.4174,5968149.96,2104033.7,2,88617176.028184,8.206865558129111,51.971053571634314
117,2018-06-26,233,14.92,14.92,14.0525,14.0525,3668392.24,2268298.4,2,53517830.8146,0.0,18.637720238300982
118,2018-06-28,235,14.0737,14.206,14.0737,14.206,3912814.78,3912814.78,2,55383458.29534,5.082444871200558,4.429770143109849
119,2018-06-30,237,14.5399,14.6851,14.5399,14.6851,3962092.07,3962092.07,2,57922180.63544899,20.94563273955367,8.67602587025137
120,2018-07-02,239,14.37,14.5968,14.37,14.5968,3108777.38,1895365.94,2,45102999.945792,18.02198529898681,14.683354303246972
121,2018-07-04,241,14.1639,14.1639,14.0212,14.0212,2861025.77,0.0,2,40369529.846883,0.0,12.989206012846786
122,2018-07-07,244,13.76,14.16,13.4366,14.16,4634709.4,2509657.78,3,64467781.509042,19.894942383322782,12.638975894103154
123,2018-07-09,246,14.01,14.01,13.5348,13.5348,2860657.32,0.0,2,39568391.003664,2.7006958004455397,7.531879394589397
124,2018-07-11,248,12.77,12.77,12.697000000000001,12.697000000000001,2944760.99,0.0,2,37482196.99687,0.0,7.531879394589397
125,2018-07-15,252,12.1318,12.321,12.0595,12.321,3840651.39,2082617.68,4,46782008.10004401,5.216229155030715,2.6389749851587077
126,2018-07-17,254,13.3471,13.7398,13.3471,13.7398,4128722.92,4128722.92,2,56064773.151814,33.517513763663935,12.911247639564841
127,2018-07-19,256,12.8574,12.955,12.8574,12.955,4159523.39,1659928.44,2,53642665.05033001,17.862842096864277,18.8655283385196
128,2018-07-22,259,12.0798,12.1959,12.0798,12.1885,3179903.64,962002.15,3,38602240.579787,3.6030500237410155,18.32780196142303
129,2018-07-25,262,12.0348,13.0048,12.0348,13.0048,4703286.61,3857206.3,3,59083378.943446994,26.907073509015234,16.12432187654013
130,2018-07-27,264,13.3283,13.9919,13.3283,13.9919,3916750.82,3916750.82,2,53443707.317038,67.83238596977677,32.78083650084429
131,2018-07-29,266,14.669,14.669,13.9569,13.9569,3819063.94,2191526.04,2,54862879.19727,72.52386522280491,55.75444156719892
132,2018-07-31,268,13.1666,13.8369,13.1666,13.8369,3122781.48,1908469.58,2,42395661.794042,67.99607591593403,69.45077570283853
133,2018-08-02,270,13.6666,14.15,13.6666,14.15,2656504.22,1220345.44,2,36895295.55874801,80.29762356692733,73.6058549018887
134,2018-08-04,272,14.1251,14.1251,13.8663,13.8663,3391434.860000001,0.0,2,47470781.49413,69.52775036064081,72.607149947834
135,2018-08-07,275,13.64,13.6998,13.1488,13.1488,3721953.03,1401653.22,3,50291891.01286,42.289879280236846,64.03841773593494
136,2018-08-10,278,12.1489,12.7654,12.1472,12.1472,4191663.98,1392084.49,3,51780079.641526,4.2669501176827564,38.69485991952009
137,2018-08-14,282,11.6972,11.7999,9.3999,9.3999,4820786.43,827641.8,4,50569999.47321,0.0,15.518943132639825
138,2018-08-17,285,9.5049,10.88,9.5049,10.88,4415351.98,4415351.98,3,44103268.982628,28.090186179803005,10.785712099161875
139,2018-08-22,290,9.8807,10.1388,9.5888,9.5888,4106475.6,1367678.36,5,40304880.684388,3.5850524757548783,10.558412885185914
140,2018-08-27,295,9.7587,11.1888,9.7587,11.1888,4378542.33,3699034.23,5,45827250.865079,33.950769581142886,21.875336078900208
141,2018-08-30,298,11.5188,11.5188,10.7899,10.7899,3454962.2,1547932.24,3,38866627.898398,26.380216735305815,21.30534626406781
142,2018-09-03,302,10.9899,11.48,10.9899,11.3294,3217711.7,1867544.61,4,36360130.379638,36.61915697177884,32.31671442940913
143,2018-09-08,307,11.4217,11.4217,9.5224,9.5224,3805944.13,1491793.87,5,38849533.995684005,2.324875215881246,21.774749640988585
144,2018-09-14,313,9.5399,9.9268,9.2081,9.9268,4567820.61,2663411.05,6,43657287.680685,13.160834294713327,17.368288827457754
145,2018-09-19,318,10.0999,10.0999,9.3626,9.6399,4642786.67,2985007.95,5,45195774.968013,8.737530099759217,8.074413203451213
146,2018-09-23,322,10.0388,10.48,10.0388,10.2907,4274124.62,2555425.97,4,43973519.170799,21.906554159331414,14.6016395179346
147,2018-09-28,327,10.0588,10.0599,9.712,9.9911,4173536.63,1097707.95,5,41558826.30625,15.924344112263567,15.522809457118015
148,2018-10-02,331,10.0118,10.3711,9.9811,10.3711,4646531.2,3697756.1,4,47091478.737308,25.89220117104883,21.241033147547885
149,2018-10-05,334,10.3136,10.6756,10.2982,10.6756,4538004.73,1625888.5,3,47370229.839818,41.253197649903,27.689914311071743
150,2018-10-08,337,10.4289,10.5911,10.4289,10.5911,3751400.8,2528648.48,3,39525535.38972601,53.36059881163675,40.16866587752947
151,2018-10-12,341,10.4113,10.4113,9.3599,9.5551,4143413.5,1040252.28,4,41127721.767237,15.017094386982274,36.54363028284062
152,2018-10-15,344,9.681000000000001,10.5655,9.5895,10.5655,4365041.33,3401583.25,3,44240250.998105,58.74410351841433,42.373932239011054
153,2018-10-18,347,10.2771,10.2771,9.922,9.922,3945708.81,0.0,3,40041310.641859,30.89539966243997,34.88553252261213
154,2018-10-22,351,9.9001,9.9365,9.8932,9.8932,4506677.43,1168946.63,4,44688972.588656,29.649024105249495,39.76284242870121
155,2018-10-26,355,9.9298,9.9298,9.8056,9.8296,4287609.19,2240607.1,4,42299690.445677005,27.355957568554917,29.3001271120814
156,2018-10-31,360,9.7331,9.7331,9.445,9.4807,3909088.6,1426810.25,5,37429163.542459,12.31478135164441,23.10658767514955
157,2018-11-05,365,9.6192,9.818999999999999,9.5889,9.7333,4225858.8,2576618.2800000003,5,40926436.556498,35.788756388415685,25.153165102871615
158,2018-11-10,370,9.881,9.897,9.5898,9.5898,4069562.31,1752295.38,5,39645144.610417,17.473588203997927,21.859041981352618
159,2018-11-16,376,9.5611,9.5611,8.01,8.01,4534001.71,0.0,6,40223287.478089005,0.0,17.754114864137815
160,2018-11-22,382,7.8494,8.0832,5.77,5.77,5507879.42,1447571.16,6,36388685.740524,0.0,5.824529401332586
161,2018-11-30,390,5.6611,5.6611,4.984,5.115,6946852.07,3167032.46,8,36507677.606013,2.301637500878492,0.7672125002927738
162,2018-12-05,395,5.2899,6.0727,5.1266,6.0727,8899441.350000001,7372126.36,5,51630550.83576001,19.128188909972597,7.14327547028364
163,2018-12-09,399,4.9023,4.9023,4.516,4.7693,8049571.64,2766328.34,4,38056300.505173,4.1694786917087825,8.533101700853233
164,2018-12-17,407,4.6276,5.065,4.5211,5.065,8853830.52,5975202.3,8,42212298.521289,9.075130176047614,10.790932592576274
165,2018-12-21,411,5.5308,5.6766,5.3633,5.4766,7465315.35,4067159.85,4,41215350.58051,15.878998264319371,9.707869044025198
166,2018-12-25,415,5.8398,6.0979,5.45,5.45,7155268.3999999985,5711751.18,4,41977798.291886,16.21218170141119,13.722103380592669
167,2018-12-30,420,5.6029,5.8939,5.1791,5.8939,6632158.63,4250344.81,5,37567222.062274,25.420164191495253,19.17044805240855
168,2019-01-03,424,6.1111,6.1111,5.7979,5.7979,7456666.78,4519026.23,4,44793180.434456,23.678377479773914,21.770241124226732
169,2019-01-07,428,5.9692,6.2688,5.9625,6.2009,7488886.68,4168743.01,4,45834235.177471004,31.312023787400108,26.80352181955637
170,2019-01-09,430,6.5128,6.5511,6.5128,6.5511,8114559.3,8114559.3,2,53008122.94536699,37.820107786656756,30.936836351276877
171,2019-01-12,433,5.8449,5.9595,5.8449,5.8594,7652040.15,2559930.81,3,45044055.673556,24.96561977327634,31.365917115777687
172,2019-01-16,437,5.4688,6.0911,5.4688,6.0911,7282219.68,4494812.38,4,43013521.702789,31.22039206358645,31.335373207839798
173,2019-01-19,440,6.3266,6.5199,6.3266,6.5199,7077172.940000001,7077172.940000001,3,45612645.783659995,56.17571204305898,37.45390795997387
174,2019-01-23,444,6.4008,6.4969,6.4008,6.4969,7412759.89,5634382.96,4,47900494.145188004,97.33674020932634,61.57761477199054
175,2019-01-26,447,6.4588,6.9463,6.4588,6.9463,6832102.4,5317782.49,3,46057281.418363,100.0,84.50415075079506
176,2019-01-28,449,7.0396,7.0396,6.1648,6.1648,7727873.370000001,2776887.68,2,50070015.09384,65.33523537803137,87.55732519578585
177,2019-01-31,452,6.1661,6.22,6.1388,6.22,7470957.809999999,5232146.22,3,46127636.295388,67.45681953543775,77.59735163782298
178,2019-02-02,454,6.5229,6.8655,6.5229,6.8655,6194228.84,6194228.84,2,41518252.319052,90.64230045686644,74.47811845677846
179,2019-02-04,456,6.7887,7.1069,6.7887,7.1069,6401915.470000002,3306867.31,2,44512928.729231,100.0,86.03303999743467
180,2019-02-06,458,7.8665,8.1303,7.8665,8.1303,9972023.19,9972023.19,2,79979548.370423,100.0,96.88076681895541
181,2019-02-08,460,7.81,8.5972,7.81,8.5972,9315077.64,4960284.84,2,76655492.594448,100.0,99.99999999999993
182,2019-02-09,461,8.9051,8.9051,8.9051,8.9051,5440051.11,5440051.11,1,48444199.139661,100.0,99.99999999999993
183,2019-02-10,462,9.1697,9.1697,9.1697,9.1697,5750442.06,5750442.06,1,52729828.557582,100.0,99.99999999999993
184,2019-02-11,463,9.5288,9.5288,9.5288,9.5288,6041136.07,6041136.07,1,57564777.383816,100.0,99.99999999999993
185,2019-02-12,464,9.2765,9.2765,9.2765,9.2765,4945231.46,0.0,1,45874439.63869,93.78571428571428,97.92857142857135
186,2019-02-14,466,8.9103,8.9103,8.7655,8.7655,6808988.1099999985,0.0,2,60264195.88308499,77.48377581120941,90.42316336564114
187,2019-02-16,468,9.2911,9.2911,9.1087,9.1087,5825089.44,3326003.04,2,53665655.136624,87.60766961651919,86.29238657114756
188,2019-02-18,470,9.22,9.6127,9.22,9.6127,5270173.46,5270173.46,2,49694480.27325501,100.0,88.36381514257613
189,2019-02-19,471,10.4728,10.4728,10.4728,10.4728,4894965.38,4894965.38,1,51263993.431664005,100.0,95.86922320550633
190,2019-02-20,472,10.9211,10.9211,10.9211,10.9211,4346711.07,4346711.07,1,47470866.266577005,100.0,99.99999999999993
191,2019-02-22,474,10.4661,10.7576,10.4661,10.7576,6115530.75,3038507.76,2,64891481.394615,96.28257014233097,98.76085671411026
192,2019-02-24,476,10.7265,10.7265,9.9476,9.9476,7677865.4,0.0,2,78617784.625575,76.44226115574484,90.90827709935854
193,2019-02-25,477,9.6967,9.6967,9.6967,9.6967,5348579.57,0.0,1,51863571.516419,60.6441451576613,77.78965881857897
194,2019-02-27,479,9.4168,9.8467,9.4168,9.8467,6643238.300000002,3524897.35,2,64073399.794205,65.46559094853913,67.51733242064837
195,2019-02-28,480,10.2779,10.2779,10.2779,10.2779,3693794.54,3693794.54,1,37964450.902665995,70.16143997030996,65.42372535883673
196,2019-03-01,481,11.3111,11.3111,11.3111,11.3111,4025695.97,4025695.97,1,45535049.686266996,100.0,78.5423436396163
197,2019-03-02,482,11.7566,11.7566,11.7566,11.7566,3893847.16,3893847.16,1,45778403.52125601,100.0,90.05381332343659
198,2019-03-04,484,11.4511,11.4511,11.4006,11.4006,5592249.23,0.0,2,63899083.179113,88.0980241382769,96.03267471275889
199,2019-03-05,485,13.6229,13.6229,13.6229,13.6229,8340655.32,8340655.32,1,113623913.35882801,100.0,96.03267471275889
200,2019-03-06,486,14.5294,14.5294,14.5294,14.5294,6158611.97,6158611.97,1,89480936.756918,100.0,96.03267471275889
201,2019-03-07,487,15.1,15.1,15.1,15.1,6757497.33,6757497.33,1,102038209.683,100.0,99.99999999999993
202,2019-03-08,488,14.2931,14.2931,14.2931,14.2931,6343194.03,0.0,1,90663906.590193,85.80201295045046,95.26733765015008
203,2019-03-09,489,14.4651,14.4651,14.4651,14.4651,3996324.55,3996324.55,1,57807234.248205006,88.82847691441441,91.54349662162156
204,2019-03-10,490,14.3711,14.3711,14.3711,14.3711,3531708.7,0.0,1,50754538.89857,87.17447916666667,87.26832301051046
205,2019-03-11,491,14.4143,14.4143,14.4143,14.4143,3757653.77,3757653.77,1,54163948.73691101,87.93461430180182,87.97919012762755
206,2019-03-12,492,15.3333,15.3333,15.3333,15.3333,4049068.39,4049068.39,1,62085580.344387,100.0,91.70303115615609
207,2019-03-13,493,15.0244,15.0244,15.0244,15.0244,3282883.18,0.0,1,49323350.049591996,94.77900785937634,94.23787405372597
208,2019-03-14,494,14.8901,14.8901,14.8901,14.8901,3079956.93,0.0,1,45860866.683393,91.23313684377104,95.3373815677157
209,2019-03-15,495,14.9432,14.9432,14.9432,14.9432,2986987.69,2986987.69,1,44635154.449208,90.30132763164437,92.10449077826382
210,2019-03-16,496,15.9589,15.9589,15.9589,15.9589,3293876.13,3293876.13,1,52566639.771057,100.0,93.84482149180504
211,2019-03-17,497,15.5693,15.5693,15.5693,15.5693,3106901.48,0.0,1,48372281.212564,91.45295395213128,93.91809386125846
212,2019-03-18,498,15.5388,15.5388,15.5388,15.5388,2472584.89,0.0,1,38421002.088732,82.01626712328769,91.15640702513957
213,2019-03-19,499,15.4953,15.4953,15.4953,15.4953,4271050.4,0.0,1,66181207.26312001,72.16952815464043,81.87958307668639
214,2019-03-21,501,15.1288,15.1288,14.3511,14.3511,5384714.91,0.0,2,79119457.690027,3.481810541481562,52.55586860646981
215,2019-03-22,502,15.1502,15.1502,15.1502,15.1502,2695850.87,2695850.87,1,40842679.850673996,51.45275543282505,42.3680313763156
216,2019-03-23,503,15.1397,15.1397,15.1397,15.1397,2632489.7,0.0,1,39855104.31109,49.04838910312223,34.66098502580953
217,2019-03-24,504,17.1096,17.1096,17.1096,17.1096,5285367.1,5285367.1,1,90430516.93416,100.0,66.83371484531567
218,2019-03-25,505,16.7631,16.7631,16.7631,16.7631,2775613.86,0.0,1,46527892.696566,87.43882544861341,78.82907151724513
219,2019-03-26,506,16.1998,16.1998,16.1998,16.1998,2725145.68,0.0,1,44146814.986864,67.01830705093346,84.81904416651554
220,2019-03-27,507,16.6,16.6,16.6,16.6,3240914.25,3240914.25,1,53799176.55,81.52619177089001,78.66110809014555
221,2019-03-28,508,16.6665,16.6665,16.6665,16.6665,2988300.97,2988300.97,1,49804518.11650501,83.93692224034797,77.49380702072374
222,2019-03-29,509,16.4753,16.4753,16.4753,16.4753,2737173.2,0.0,1,45095749.62196001,77.00561899583109,80.82291100235629
223,2019-03-30,510,16.9666,16.9666,16.9666,16.9666,2790050.93,2790050.93,1,47337678.108938,94.81602320101501,85.25285481239796
224,2019-03-31,511,17.5376,17.5376,17.5376,17.5376,3182964.85,3182964.85,1,55821564.35336001,100.0,90.60721406561531
225,2019-04-01,512,17.8888,17.8888,17.8888,17.8888,2966204.71,2966204.71,1,53061842.816248,100.0,98.27200773367161
226,2019-04-02,513,19.7155,19.7155,19.7155,19.7155,3356886.89,3356886.89,1,66182703.479794994,100.0,99.99999999999994
227,2019-04-03,514,18.5489,18.5489,18.5489,18.5489,3532965.97,0.0,1,65532632.480932996,78.25292670196109,92.75097556732031
228,2019-04-04,515,18.992,18.992,18.992,18.992,2939082.42,2939082.42,1,55819053.320640005,84.18855719218502,87.48049463138197
229,2019-04-05,516,19.3657,19.3657,19.3657,19.3657,2703355.91,2703355.91,1,52352379.546287,92.35543511517115,84.93230633643901
230,2019-04-06,517,19.0745,19.0745,19.0745,19.0745,2519027.63,0.0,1,48049192.528435,81.76750007110964,86.10383079282185
231,2019-04-07,518,18.9523,18.9523,18.9523,18.9523,2329702.34,0.0,1,44153217.658382,78.29166311118702,84.13819943248919
232,2019-04-08,519,17.9777,17.9777,17.9777,17.9777,2142481.92,0.0,1,38516897.213184,50.57029894473361,70.20982070901
233,2019-04-09,520,18.2984,18.2984,18.2984,18.2984,2776440.48,2776440.48,1,50804418.47923201,56.26504536756995,61.70900247449678
234,2019-04-10,521,18.24,18.24,18.24,18.24,2553039.12,0.0,1,46567433.5488,54.46268748842661,53.766010600243305
235,2019-04-12,523,17.5555,18.3333,17.5555,18.3333,4140864.41,2325593.36,2,74503791.66516301,57.34213937411277,56.02329074336969
236,2019-04-13,524,18.6111,18.6111,18.6111,18.6111,2205194.61,2205194.61,1,41041097.406171,59.823929571828785,57.20958547812264
237,2019-04-14,525,19.3866,19.3866,19.3866,19.3866,2438051.21,2438051.21,1,47265523.587786,84.89829652417477,67.3547884900387
238,2019-04-15,526,19.2666,19.2666,19.2666,19.2666,2218308.03,0.0,1,42739253.490798,79.21759259259267,74.646606229532
239,2019-04-16,527,19.6408,19.6408,19.6408,19.6408,2237334.6,2237334.6,1,43943041.41168,96.54166666666667,86.8858519278113
240,2019-04-17,528,19.4888,19.4888,19.4888,19.4888,2005582.6,0.0,1,39086398.17488001,92.71088092840371,89.49004672922094
241,2019-04-18,529,21.8888,21.8888,21.8888,21.8888,3686092.57,3686092.57,1,80684143.046216,100.0,96.41751586502339
242,2019-04-19,530,24.3188,24.3188,24.3188,24.3188,4247944.38,4247944.38,1,103304909.788344,100.0,97.57029364280116
243,2019-04-20,531,24.8888,24.8888,24.8888,24.8888,3545157.49,3545157.49,1,88234715.737112,100.0,99.99999999999993
244,2019-04-21,532,23.9999,23.9999,23.9999,23.9999,3307426.84,0.0,1,79377913.417316,87.87858126627849,95.95952708875943
245,2019-04-22,533,23.8,23.8,23.8,23.8,3005735.93,0.0,1,71536515.134,85.15265978481722,91.0104136836985
246,2019-04-23,534,22.546,22.546,22.546,22.546,2877995.49,0.0,1,64887286.31754001,68.05258205719117,80.36127436942888
247,2019-04-24,535,22.9703,22.9703,22.9703,22.9703,2961681.74,2961681.74,1,68030718.07232201,73.83851744780661,75.68125309660492
248,2019-04-25,536,22.4863,22.4863,22.4863,22.4863,3114460.9,0.0,1,70032702.13566999,67.23848744767022,69.70986231755593
249,2019-04-26,537,23.0555,23.0555,23.0555,23.0555,3273950.47,3273950.47,1,75482565.061085,70.79662933877054,70.62454474474906
250,2019-04-27,538,22.4324,22.4324,22.4324,22.4324,2989261.07,0.0,1,67056300.026668005,56.30891821706807,64.78134500116954
251,2019-04-28,539,23.0226,23.0226,23.0226,23.0226,3015774.29,3015774.29,1,69430965.168954,66.8065881683327,64.63737857472368
252,2019-04-29,540,21.6788,21.6788,21.6788,21.6788,2388965.07,0.0,1,51789895.959516,40.55555555555552,54.55702064698534
253,2019-04-30,541,22.0391,22.0391,22.0391,22.0391,2197565.53,2197565.53,1,48432366.472223,47.22777777777779,51.52997383388858
254,2019-05-01,542,21.8788,21.8788,21.8788,21.8788,2064791.54,0.0,1,45175161.145352,6.230529595015553,31.337954309449533
255,2019-05-02,543,23.6166,23.6166,23.6166,23.6166,2446015.2,2446015.2,1,57766562.57231999,60.367601246105885,37.94196953963299
256,2019-05-03,544,23.6999,23.6999,23.6999,23.6999,2230465.58,2230465.58,1,52861811.199442,62.96261682242991,43.18691588785037
257,2019-05-04,545,22.8888,22.8888,22.8888,22.8888,1898934.62,0.0,1,43464334.730256,52.13045538753178,58.486891152022444
258,2019-05-05,546,22.9777,22.9777,22.9777,22.9777,1787108.39,1787108.39,1,41063640.452903,61.234207052611666,58.77575975419103
259,2019-05-06,547,22.1895,22.1895,22.1895,22.1895,1764747.54,0.0,1,39158865.53883,25.268418188115373,46.21102687608618
260,2019-05-07,548,20.6602,20.6602,20.6602,20.6602,1813897.12,0.0,1,37475477.278624,0.0,28.834208413575585
261,2019-05-08,549,20.6673,20.6673,20.6673,20.6673,2742356.42,2742356.42,1,56677102.839066006,0.23357568181074503,8.500664623308614
262,2019-05-09,550,18.8388,18.8388,18.8388,18.8388,2334477.6,0.0,1,43978756.61088,0.0,0.07785856060348924
263,2019-05-10,551,19.6166,19.6166,19.6166,19.6166,2429624.32,2429624.32,1,47660968.435712,16.000493715414187,5.411356465741552
264,2019-05-11,552,20.8059,20.8059,20.8059,20.8059,3746402.53,3746402.53,1,77947276.398927,40.46614963691349,18.8222144507758
265,2019-05-12,553,20.8934,20.8934,20.8934,20.8934,3228794.38,3228794.38,1,67460492.499092,42.266153751208584,32.91093236784533
266,2019-05-13,554,23.521,23.521,23.521,23.521,4566012.58,4566012.58,1,107397181.89418,96.31976301660121,59.68402213490766
267,2019-05-14,555,23.6553,23.6553,23.6553,23.6553,3821993.16,3821993.16,1,90410394.797748,99.08251218859931,79.22280965213628
268,2019-05-15,556,26.8116,26.8116,26.8116,26.8116,3433770.34,3433770.34,1,92064876.847944,100.0,98.46742506840008
269,2019-05-16,557,26.2888,26.2888,26.2888,26.2888,4200071.24,0.0,1,110414832.81411201,93.44270519767208,97.5084057954237
270,2019-05-17,558,25.7795,25.7795,25.7795,25.7795,3429086.56,0.0,1,88400136.97352,87.05473610274936,93.49914710014038
271,2019-05-18,559,28.8171,28.8171,28.8171,28.8171,4319102.35,4319102.35,1,124464004.33018501,100.0,93.49914710014038
272,2019-05-19,560,29.1122,29.1122,29.1122,29.1122,4437585.54,4437585.54,1,129187877.757588,100.0,95.68491203424969
273,2019-05-20,561,29.2666,29.2666,29.2666,29.2666,3980328.45,3980328.45,1,116490680.61477,100.0,99.9999999999999
274,2019-05-21,562,32.3907,32.3907,32.3907,32.3907,4704491.98,4704491.98,1,152381788.37658602,100.0,99.9999999999999
275,2019-05-22,563,30.8067,30.8067,30.8067,30.8067,3807962.58,0.0,1,117310760.813286,88.31160206317932,96.10386735439302
276,2019-05-23,564,31.3934,31.3934,31.3934,31.3934,3793076.85,3793076.85,1,119077578.78278999,92.19279636138748,93.50146614152219
277,2019-05-24,565,33.9435,33.9435,33.9435,33.9435,4534224.56,4534224.56,1,153907451.35235998,100.0,93.50146614152219
278,2019-05-25,566,35.0168,35.0168,35.0168,35.0168,4181724.12,4181724.12,1,146430597.16521603,100.0,97.39759878712907
279,2019-05-26,567,33.0919,33.0919,33.0919,33.0919,3846254.14,0.0,1,127279857.37546602,83.25562379303744,94.41854126434572
280,2019-05-27,568,33.510999999999996,33.510999999999996,33.510999999999996,33.510999999999996,3935155.37,3935155.37,1,131870991.60407,86.74646833604712,90.00069737636143
281,2019-05-28,569,33.1068,33.1068,33.1068,33.1068,3592623.04,0.0,1,118940252.46067199,79.32296233747954,83.10835148885462
282,2019-05-29,570,33.6066,33.6066,33.6066,33.6066,3634528.09,3634528.09,1,122144131.709394,84.7336342870752,83.60102165353389
283,2019-05-30,571,31.6666,31.6666,31.6666,31.6666,3803964.59,0.0,1,120458625.085694,63.731826399489,75.92947434134786
284,2019-05-31,572,32.8862,32.8862,32.8862,32.8862,3635551.08,3635551.08,1,119559459.927096,65.63382099133828,71.36642722596744
285,2019-06-01,573,33.3521,33.3521,33.3521,33.3521,3650894.16,3650894.16,1,121764987.113736,71.80672695864236,67.05745811648983
286,2019-06-02,574,33.1527,33.1527,33.1527,33.1527,3125339.52,0.0,1,103613443.504704,67.58199714792529,68.3408483659686
287,2019-06-03,575,30.7564,30.7564,30.7564,30.7564,2851908.73,0.0,1,87714445.663372,0.0,46.4629080355225
288,2019-06-04,576,29.2596,29.2596,29.2596,29.2596,2877003.62,0.0,1,84179975.119752,0.0,22.527332382641717
289,2019-06-05,577,30.8886,30.8886,30.8886,30.8886,3345894.9,3345894.9,1,103350009.20814,28.29500451608421,9.43166817202802
290,2019-06-06,578,31.0888,31.0888,31.0888,31.0888,2990485.46,2990485.46,1,92970604.368848,31.77238935593689,20.022464624006986
291,2019-06-07,579,31.3098,31.3098,31.3098,31.3098,2757731.91,2757731.91,1,86344034.555718,35.61106093239767,31.892818268139546
292,2019-06-08,580,31.7333,31.7333,31.7333,31.7333,3230284.59,3230284.59,1,102507589.979847,56.90591212330342,41.429787470545946
293,2019-06-09,581,30.095,30.095,30.095,30.095,2532504.3,0.0,1,76215716.90849999,19.21785139176443,37.24494148248846
294,2019-06-10,582,32.0271,32.0271,32.0271,32.0271,3550536.78,3550536.78,1,113713396.50673798,63.66459627329186,46.59611992945319
295,2019-06-11,583,31.8889,31.8889,31.8889,31.8889,2717716.57,0.0,1,86664991.92907299,60.48539222452266,47.78927996319294
296,2019-06-12,584,34.8888,34.8888,34.8888,34.8888,3946303.19,3946303.19,1,137681782.73527202,100.0,74.7166628326048
297,2019-06-13,585,35.251,35.251,35.251,35.251,3534896.06,3534896.06,1,124608621.01106001,100.0,86.82846407484084
298,2019-06-14,586,32.3803,32.3803,32.3803,32.3803,4820144.32,0.0,1,156077719.124896,52.08632373068064,84.0287745768935
299,2019-06-15,587,32.6743,32.6743,32.6743,32.6743,3391510.23,3391510.23,1,110815222.708089,56.99335714524159,69.69322695864071
300,2019-06-16,588,32.1888,32.1888,32.1888,32.1888,2831357.27,0.0,1,91137992.892576,48.890075775277936,52.65658555040002
301,2019-06-17,589,33.8286,33.8286,33.8286,33.8286,3325355.03,3325355.03,1,112492105.167858,76.25930500383889,60.7142459747861
302,2019-06-18,590,34.4333,34.4333,34.4333,34.4333,3404180.0,3404180.0,1,117217151.19399999,84.14080682699777,69.76339586870483
303,2019-06-19,591,35.1888,35.1888,35.1888,35.1888,3662780.35,3662780.35,1,128888845.18008,98.79363847944148,86.39791677009269
304,2019-06-20,592,36.8381,36.8381,36.8381,36.8381,4152117.65,4152117.65,1,152956125.202465,100.0,94.31148176881305
305,2019-06-21,593,38.6766,38.6766,38.6766,38.6766,3534250.01,3534250.01,1,136692773.936766,100.0,99.59787949314712
306,2019-06-22,594,38.0001,38.0001,38.0001,38.0001,3314950.67,0.0,1,125968456.955067,92.11685466579662,97.37228488859883
307,2019-06-23,595,37.2836,37.2836,37.2836,37.2836,2790608.54,0.0,1,104043932.561944,79.47758445423338,90.53147970667662
308,2019-06-24,596,37.43,37.43,37.43,37.43,2631717.19,2631717.19,1,98505174.4217,81.63442697821057,84.40962203274681
309,2019-06-25,597,36.0941,36.0941,36.0941,36.0941,2000917.7,0.0,1,72221323.55556999,60.194518943247274,73.7688434585637
310,2019-06-26,598,36.1189,36.1189,36.1189,36.1189,2857418.8,2857418.8,1,103206823.89531998,60.57677486975548,67.46857359707106
311,2019-06-27,599,34.3999,34.3999,34.3999,34.3999,2607428.95,0.0,1,89695295.13710502,34.080890286383706,51.61739469979543
312,2019-06-28,600,34.6289,34.6289,34.6289,34.6289,2104975.25,2104975.25,1,72892977.434725,37.61059218841519,44.08941911485141
313,2019-06-29,601,35.5,35.5,35.5,35.5,2591596.98,2591596.98,1,92001692.79,51.037331607016235,40.90960469393833
314,2019-06-30,602,32.114000000000004,32.114000000000004,32.114000000000004,32.114000000000004,2022992.01,0.0,1,64966365.409140006,0.0,29.54930793181042
315,2019-07-01,603,33.2777,33.2777,33.2777,33.2777,1835906.62,1835906.62,1,61094749.72837401,17.732301222076604,22.92321094303089
316,2019-07-02,604,31.9777,31.9777,31.9777,31.9777,2017364.12,0.0,1,64510664.620124,0.0,5.910767074025479
317,2019-07-03,605,32.522,32.522,32.522,32.522,1929917.65,1929917.65,1,62764781.81329999,8.125214587469578,8.619171936515338
318,2019-07-04,606,33.0888,33.0888,33.0888,33.0888,2194259.8,2194259.8,1,72605423.67023998,16.586305214288917,8.237173267252775
319,2019-07-05,607,32.5566,32.5566,32.5566,32.5566,1501826.74,0.0,1,48894372.443484,9.61244686503726,11.441322222265194
320,2019-07-06,608,32.5888,32.5888,32.5888,32.5888,1122287.44,1122287.44,1,36574000.924672,11.20811400693286,12.46895536208629
321,2019-07-07,609,32.9344,32.9344,32.9344,32.9344,1219900.05,1219900.05,1,40176676.20672,17.546723401133423,12.789094757701127
322,2019-07-08,610,33.3888,33.3888,33.3888,33.3888,1493676.78,1493676.78,1,49872075.27206401,34.07466434849815,20.943167252188093
323,2019-07-09,611,32.4811,32.4811,32.4811,32.4811,1226644.52,0.0,1,39842763.318572,12.155896841495206,21.259094863708878
324,2019-07-10,612,31.221999999999998,31.221999999999998,31.221999999999998,31.221999999999998,1583726.64,0.0,1,49447113.15408,0.0,15.41018706333107
325,2019-07-11,613,29.4181,29.4181,29.4181,29.4181,1746010.06,0.0,1,51364298.546086,0.0,4.051965613831686
326,2019-07-12,614,31.8888,31.8888,31.8888,31.8888,2944729.48,2944729.48,1,93903889.441824,40.62381821470265,13.541272738234168
327,2019-07-13,615,31.4888,31.4888,31.4888,31.4888,1744138.78,0.0,1,54920837.215664,52.149495051250405,30.924437755317637
328,2019-07-14,616,28.5447,28.5447,28.5447,28.5447,2117967.02,0.0,1,60456733.195793994,0.0,30.924437755317637
329,2019-07-15,617,28.647,28.647,28.647,28.647,2958931.55,2958931.55,1,84764512.11285,2.1118474019941686,18.087114151081476
330,2019-07-16,618,25.0601,25.0601,25.0601,25.0601,3723845.18,0.0,1,93319932.595318,0.0,0.7039491339980065
331,2019-07-17,619,27.6287,27.6287,27.6287,27.6287,5620644.87,5620644.87,1,155291110.919769,30.840347233061564,10.98406487835186
332,2019-07-18,620,28.9555,28.9555,28.9555,28.9555,6272574.38,6272574.38,1,181625527.46008998,46.77080456733944,25.87038393346695
333,2019-07-19,621,29.0096,29.0096,29.0096,29.0096,3934648.14,3934648.14,1,114142568.682144,47.42036572334216,41.677172507914335
334,2019-07-20,622,31.0932,31.0932,31.0932,31.0932,2871032.06,2871032.06,1,89269574.047992,72.43747523623132,55.54288184230425
335,2019-07-21,623,30.4388,30.4388,30.4388,30.4388,2167635.68,0.0,1,65980228.93638401,64.58030665049766,61.47938253669033
336,2019-07-22,624,30.885,30.885,30.885,30.885,3469751.44,3469751.44,1,107163273.2244,78.4921169653686,71.83663295069914
337,2019-07-23,625,29.4929,29.4929,29.4929,29.4929,2639256.42,0.0,1,77839325.66941799,64.91425893654721,69.32889418413777
338,2019-07-24,626,28.8261,28.8261,28.8261,28.8261,2337675.12,0.0,1,67386056.77663201,55.149589233675535,66.18532171186372
339,2019-07-25,627,28.9227,28.9227,28.9227,28.9227,2187610.96,2187610.96,1,63271615.512792006,56.56420695007834,58.876018373433645
340,2019-07-26,628,28.9,28.9,28.9,28.9,1929538.17,0.0,1,55763653.113000005,59.73058316611443,57.148126449956045
341,2019-07-27,629,27.7498,27.7498,27.7498,27.7498,1490587.94,0.0,1,41363517.217412,44.58238716414449,53.625725760112374
342,2019-07-28,630,27.7555,27.7555,27.7555,27.7555,1330561.28,1330561.28,1,36930393.60704,44.676865956141995,49.66327876213359
343,2019-07-30,632,26.9525,26.9867,26.9525,26.9867,2288746.73,1143523.29,2,61726554.736843005,31.933831695148434,40.39769493847825
344,2019-07-31,633,27.75,27.75,27.75,27.75,1934429.49,1934429.49,1,53680418.3475,19.260028497597016,31.956908716295757
345,2019-08-01,634,28.7088,28.7088,28.7088,28.7088,2252484.64,2252484.64,1,64666131.032832,42.41553360542903,31.203131266058097
346,2019-08-02,635,28.14,28.14,28.14,28.14,1503260.49,0.0,1,42301750.1886,28.67872581930592,30.1180959741106
347,2019-08-04,637,27.7333,27.7333,27.3834,27.3834,2178207.81,0.0,2,60069885.549357,10.4064530151907,27.166904146641823
348,2019-08-06,639,28.0114,28.0114,27.6523,27.6523,2591037.01,1170561.81,2,72068481.45759399,17.79529561347742,18.960158149324617
349,2019-08-07,640,29.6694,29.6694,29.6694,29.6694,2406222.92,2406222.92,1,71391190.302648,69.08836617927523,32.43003826931439
350,2019-08-08,641,31.1074,31.1074,31.1074,31.1074,3071362.08,3071362.08,1,95542088.76739201,100.0,62.29455393091749
351,2019-08-09,642,29.8188,29.8188,29.8188,29.8188,1469206.79,0.0,1,43809983.429652005,68.98601651062602,79.35812756330034
352,2019-08-10,643,29.6661,29.6661,29.6661,29.6661,1310985.06,0.0,1,38891813.888466,65.31083780596406,78.0989514388633
353,2019-08-11,644,30.2439,30.2439,30.2439,30.2439,1563332.29,1563332.29,1,47281265.445531,79.21730968254353,71.17138799971114
354,2019-08-12,645,30.1856,30.1856,30.1856,30.1856,1525430.31,0.0,1,46046029.165536,77.81414715155604,74.11409821335447
355,2019-08-14,647,29.4512,29.4512,27.0256,27.0256,2358244.0700000003,0.0,2,66558065.82056001,1.7593684565212209,52.93027509687354
356,2019-08-16,649,28.1058,28.1058,27.5111,27.5111,2210074.43,1244704.8,2,61541804.59573299,13.444366892103268,31.005960833393445
357,2019-08-18,651,27.5038,27.8977,27.5038,27.8977,2174984.95,1210998.25,2,60297363.27848499,21.365574011465533,12.18976978669661
358,2019-08-19,652,28.7931,28.7931,28.7931,28.7931,1802660.04,1802660.04,1,51904170.797724,43.3019746190406,26.03730517420307
359,2019-08-21,654,28.0286,28.0286,26.925,26.925,2239262.46,0.0,2,61651777.454192005,0.0,21.555849543501978
360,2019-08-23,656,26.9731,26.9731,26.94,26.94,2171855.74,1087596.45,2,58545793.07809501,0.35864575363429074,14.553540124224897
361,2019-08-25,658,26.2814,26.2814,26.0888,26.0888,1852460.24,0.0,2,48505256.397916,0.0,0.11954858454469768
362,2019-08-26,659,26.1257,26.1257,26.1257,26.1257,1816730.9,1816730.9,1,47463366.47413,0.7352648148885998,0.36463685617423097
363,2019-08-28,661,25.6051,25.6051,23.3565,23.3565,2642551.6500000004,0.0,2,64411813.19612101,0.0,0.24508827162946736
364,2019-08-30,663,21.7777,22.1448,21.7777,22.1448,3216959.860000001,1599602.49,2,70645200.81720099,4.33606576740451,1.6904435274309708
365,2019-09-01,665,21.0604,21.4248,21.0604,21.4248,2806893.83,1434203.84,2,59636930.696628,3.9679860619589467,2.7680172764544193
366,2019-09-02,666,22.7449,22.7449,22.7449,22.7449,1744034.29,1744034.29,1,39667885.52262101,18.342679806174118,8.88224387851246
367,2019-09-04,668,22.3511,22.3511,21.6764,21.6764,2442915.79,0.0,2,53868501.24334701,6.7505369745320625,9.687067614221643
368,2019-09-05,669,22.6388,22.6388,22.6388,22.6388,2252665.09,2252665.09,1,50997634.439492,18.81107880059111,14.634765193765697
369,2019-09-06,670,21.9906,21.9906,21.9906,21.9906,2011805.46,0.0,1,44240809.148676,12.029433444980402,12.530349740034458
370,2019-09-07,671,22.3996,22.3996,22.3996,22.3996,1683916.96,1683916.96,1,37719066.337216,17.3186597178217,16.053057321131003
371,2019-09-09,673,22.4111,22.4111,22.0978,22.0978,2321348.31,1308063.92,2,51706507.110854,13.415753876395028,14.25461567973231
372,2019-09-11,675,21.7679,21.7679,20.7334,20.7334,1901173.56,0.0,2,40278343.776024,0.0,10.24480453140551
373,2019-09-13,677,20.82,20.82,20.788,20.788,3130046.38,1700773.17,2,65121828.88888001,0.8750420693302667,4.763598648575033
374,2019-09-15,679,20.9555,20.9555,20.2901,20.2901,2455313.64,1306146.56,2,50687669.207988,0.0,0.29168068977668976
375,2019-09-17,681,20.2422,21.0473,20.2422,21.0473,2881020.18,1845592.27,2,59804073.02417301,13.684031613835298,4.853024561055123
376,2019-09-18,682,22.2018,22.2018,22.2018,22.2018,3303465.14,3303465.14,1,73342872.34525199,36.53993175334237,16.74132112239249
377,2019-09-20,684,21.5376,21.5376,21.2695,21.2695,3002511.44,0.0,2,64294079.511493996,41.047668518000556,30.42387729505934
378,2019-09-22,686,20.9666,20.9666,20.3602,20.3602,2099875.33,0.0,2,43437605.395146005,4.714907899468514,27.434169390270412
379,2019-09-24,688,19.3228,19.3228,15.8249,15.8249,3813307.99,0.0,2,64174265.76277501,0.0,15.254192139156288
380,2019-09-26,690,16.0321,16.0321,15.2212,15.2212,3633592.33,1826023.89,2,56788358.345797,0.0,1.571635966489436
381,2019-09-28,692,15.6666,15.7346,15.6666,15.7346,2534611.88,2534611.88,2,39783464.653008,6.921376186367569,2.3071253954557878
382,2019-10-01,695,15.1999,15.8563,15.1999,15.8563,3274435.99,2309055.28,3,51262597.55881099,9.102507211005097,5.34129446579082
383,2019-10-04,698,15.8742,15.8742,15.6133,15.6133,2713227.17,950491.27,3,42632488.234484,5.732749057022424,7.252210818131627
384,2019-10-07,701,15.6869,16.0255,15.0688,16.0255,2775609.0300000003,1953669.19,3,43418140.615773,13.029976982689364,9.288411083572226
385,2019-10-09,703,16.0213,17.7177,16.0213,17.7177,3817204.13,2825143.73,2,65949146.351541005,37.135847469507944,18.632857836406508
386,2019-10-11,705,17.5288,17.5288,16.5666,16.5666,3263362.5300000007,0.0,2,55781070.85908601,20.998177484929226,23.72133397904211
387,2019-10-13,707,17.17,18.256,17.17,18.256,3639590.25,3639590.25,2,64917773.94348002,44.68246179728026,34.272162250572414
388,2019-10-15,709,18.4376,18.5643,18.4376,18.5643,4562857.98,4562857.98,2,84498093.845202,49.004626384410486,38.228421888873264
389,2019-10-17,711,17.7401,18.5188,17.7401,18.5188,3707768.0,1889272.66,2,67247351.717142,48.366746109631286,47.35127809710729
390,2019-10-19,713,18.2188,18.2229,18.2188,18.2229,2886135.85,1457873.52,2,52587909.10541201,48.75865693791737,48.71000981065299
391,2019-10-21,715,18.4997,18.4997,18.2551,18.2551,3193939.49,1696662.02,2,58720688.313991,54.02522974668519,50.38354426474456
392,2019-10-23,717,18.2286,18.2286,16.6796,16.6796,3666323.86,0.0,2,63972150.572116,37.865538316878244,46.88314166716021
393,2019-10-25,719,16.9194,18.6188,16.9194,18.6188,4132048.77,4132048.77,2,74818092.73606999,100.0,63.96358935452108
394,2019-10-26,720,18.9501,18.9501,18.9501,18.9501,3135045.71,3135045.71,1,59409429.709071,100.0,79.28851277229269
395,2019-10-27,721,19.2888,19.2888,19.2888,19.2888,2293853.06,2293853.06,1,44245672.903728,100.0,99.99999999999994
396,2019-10-28,722,19.939,19.939,19.939,19.939,2713065.62,2713065.62,1,54095815.39718001,100.0,99.99999999999994
397,2019-10-29,723,20.7452,20.7452,20.7452,20.7452,2298554.91,2298554.91,1,47683981.318932,100.0,99.99999999999994
398,2019-10-30,724,20.052,20.052,20.052,20.052,1822916.43,0.0,1,36553120.25436,85.32568428628885,95.10856142876288
399,2019-11-01,726,19.9099,19.9999,19.9099,19.9999,2984473.71,1305053.67,2,59538027.949029006,82.16388264011869,89.16318897546911
400,2019-11-03,728,20.1745,20.1874,20.1745,20.1874,2936211.87,2936211.87,2,59253778.523655005,86.28000787091695,84.58985826577477
401,2019-11-05,730,20.6139,20.6588,20.6139,20.6588,3078640.65,3078640.65,2,63527255.195891,97.87485242030694,88.77291431044746
402,2019-11-07,732,20.7,20.7,20.4208,20.4208,2338265.1,1304183.99,2,48113372.124088,92.02085792994882,92.05857274039084
403,2019-11-09,734,19.646,19.6999,19.646,19.6999,1973281.17,886139.1,2,38814844.76331,74.28915781188505,88.06162272071354
404,2019-11-11,736,20.4333,20.4333,20.0888,20.0888,2292712.26,1289880.02,2,46502201.71557801,83.85478158205427,83.38826577462932
405,2019-11-13,738,20.9798,21.3846,20.9798,21.3846,2606670.06,2606670.06,2,55241872.550164,100.0,86.04797979797972
406,2019-11-15,740,21.3166,21.3166,20.2735,20.2735,2545275.77,0.0,2,52830145.287107,75.1164561497805,86.32374591061154
407,2019-11-17,742,20.1631,20.194000000000003,20.1631,20.194000000000003,2155595.69,1154323.15,2,43499160.042374,51.09468063257358,75.40371226078463
408,2019-11-19,744,19.0817,19.0817,18.4997,18.4997,2589048.16,0.0,2,48694242.39375201,0.0,42.070378927451294
409,2019-11-21,746,18.0826,18.0826,16.7985,16.7985,2933772.74,0.0,2,50836271.121031,0.0,17.031560210857794
410,2019-11-22,747,15.485,15.485,15.485,15.485,3361932.03,0.0,1,52059517.48454999,0.0,0.0
411,2019-11-24,749,16.232,16.232,14.9964,14.9964,4096425.34,1941371.46,2,63830391.544752,0.0,0.0
412,2019-11-25,750,15.1457,15.1457,15.1457,15.1457,3066863.34,3066863.34,1,46449792.088638,2.337121567890802,0.7790405226302034
413,2019-11-27,752,15.3564,16.0888,15.3564,16.0888,4072343.16,4072343.16,2,64304553.162011996,17.10027863874017,6.47913340221026
414,2019-11-29,754,15.5333,16.2281,15.5333,16.2281,3653939.88,2034467.97,2,58171292.68356,19.280861588553925,12.906087265061567
415,2019-12-01,756,15.7118,15.7118,15.4297,15.4297,2668559.41,0.0,2,41580086.671318,6.782818321279875,14.387986182857924
416,2019-12-03,758,15.1288,15.2542,15.1288,15.2542,2465931.34,1260422.82,2,37464639.07822,4.035565574027134,10.033081827953579
417,2019-12-05,760,15.1,15.6555,15.1,15.6555,3196293.19,1705007.77,2,49211158.98523501,10.317460317460325,7.045281404255711
418,2019-12-07,762,15.6666,15.6666,15.6067,15.6067,2677423.04,1427720.75,2,41871258.631293,9.553551861244177,7.968859250910477
419,2019-12-10,765,15.6121,15.6121,14.8088,14.8088,3060092.26,1097781.57,3,46696785.942472994,0.0,6.623670726234766
420,2019-12-14,769,14.78,14.8555,14.3888,14.3888,3268956.63,883903.56,4,48011263.631976,0.0,3.184517287081324
421,2019-12-17,772,14.3949,14.3949,12.380999999999998,12.380999999999998,3602721.96,786545.74,3,47402375.927508004,0.0,0.0
422,2019-12-19,774,13.6158,13.6158,13.3441,13.3441,3700035.27,2322029.57,2,50004536.080576,16.891749684299153,5.63058322809965
423,2019-12-22,777,13.5,13.7798,13.2933,13.7798,4163723.02,2902938.17,3,56370850.16426899,36.32303297844718,17.738260887582044
424,2019-12-25,780,13.2998,13.3369,13.0666,13.0666,3457376.56,1307251.73,3,45815468.670246996,17.80316800830955,23.672650223685228
425,2019-12-28,783,13.1414,13.6779,13.1414,13.6779,3530091.31,3530091.31,3,47282999.64640801,33.71110706766135,29.279102684805963
426,2019-12-30,785,14.104000000000001,14.104000000000001,13.8597,13.8597,2863688.77,1608498.67,2,40082823.47065,38.43674456083805,29.983673212269583
427,2020-01-02,788,13.7161,13.7184,13.0105,13.0105,2882171.61,940625.04,3,38849045.320760995,16.362974708221817,29.503608778907005
428,2020-01-04,790,13.6474,13.8092,13.6474,13.8092,2689731.55,2689731.55,2,36907063.630978,42.878587726672315,32.559435665243996
429,2020-01-06,792,14.0532,14.9471,14.0532,14.9471,3091715.06,3091715.06,2,44908865.273747995,78.10141222303386,45.780991552642604
430,2020-01-08,794,15.0226,15.0226,14.5334,14.5334,2956299.19,1458769.7,2,43678708.785186,65.5101046992939,62.16336821633329
431,2020-01-10,796,14.3978,15.07,14.3978,15.07,2647175.29,1572086.31,2,39170256.807944,81.84197711224738,75.15116467819165
432,2020-01-12,798,14.9177,15.3366,14.9177,15.3366,3440301.81,2042903.51,2,52177162.59137601,91.47349199962864,79.60852460372323
433,2020-01-14,800,15.1736,16.6371,15.1736,16.6371,4233676.220000002,2711583.22,2,68208511.534262,100.0,91.10515637062525
434,2020-01-15,801,17.6655,17.6655,17.6655,17.6655,3041574.63,3041574.63,1,53730936.62626501,100.0,97.1578306665428
435,2020-01-17,803,17.0333,18.0724,17.0333,18.0724,4576847.220000002,2734829.93,2,80800573.532689,100.0,99.99999999999993
436,2020-01-19,805,17.8088,17.8088,17.387999999999998,17.387999999999998,4031503.74,0.0,2,70900692.72552001,86.47938521108674,95.49312840369551
437,2020-01-21,807,17.3235,18.1166,17.3235,18.1166,3500413.58,1923914.5,2,62165271.243080005,100.0,95.49312840369551
438,2020-01-23,809,17.8344,17.8344,17.0524,17.0524,2971382.5700000008,0.0,2,51926464.464628,79.15826168700181,88.54588229936279
439,2020-01-25,811,17.1148,17.1148,16.9555,16.9555,2622918.3,1411501.98,2,44697743.501064,77.26053152112183,85.4729310693745
440,2020-01-27,813,17.499000000000002,17.67,17.499000000000002,17.67,3182343.59,3182343.59,2,55955103.28305,91.25359863692452,82.55746394834932
441,2020-01-29,815,18.0662,18.0662,17.9134,17.9134,3369290.77,1916526.07,2,60648298.462814,95.45332497986219,87.98915171263612
442,2020-01-31,817,18.5555,18.5555,18.2644,18.2644,3434920.3,1787521.22,2,63257105.754462,93.53441574306464,93.41377978661706
443,2020-02-02,819,18.2752,18.4333,18.2752,18.4333,3070305.38,3070305.38,2,56356877.962388,97.06087500300649,95.34953857531104
444,2020-02-04,821,18.46,18.46,18.1778,18.1778,2530302.3200000003,1314693.12,2,46366335.91096,90.91565047983266,93.83698040863453
445,2020-02-05,822,19.262,19.262,19.262,19.262,2068915.04,2068915.04,1,39851441.500479996,100.0,95.99217516094632
446,2020-02-06,823,20.6675,20.6675,20.6675,20.6675,2794537.34,2794537.34,1,57756100.47445,100.0,96.9718834932775
447,2020-02-07,824,22.0555,22.0555,22.0555,22.0555,3187751.23,3187751.23,1,70307447.25326501,100.0,99.99999999999994
448,2020-02-08,825,21.7888,21.7888,21.7888,21.7888,2208642.4,0.0,1,48123667.52512,94.77058823529411,98.25686274509798
449,2020-02-09,826,24.38,24.38,24.38,24.38,2853749.06,2853749.06,1,69574402.0828,100.0,98.25686274509798
450,2020-02-10,827,25.1465,25.1465,25.1465,25.1465,4794544.72,4794544.72,1,120566018.80148001,100.0,98.25686274509798
451,2020-02-11,828,25.6963,25.6963,25.6963,25.6963,3512538.38,3512538.38,1,90259239.97399399,100.0,99.99999999999994
452,2020-02-12,829,26.4243,26.4243,26.4243,26.4243,2954235.48,2954235.48,1,78063604.594164,100.0,99.99999999999994
453,2020-02-13,830,25.4579,25.4579,25.4579,25.4579,3638084.35,0.0,1,92617987.573865,89.17235275004761,96.39078425001581
454,2020-02-14,831,26.3547,26.3547,26.3547,26.3547,3252594.32,3252594.32,1,85721147.525304,99.18222514657677,96.11819263220805
455,2020-02-15,832,24.2576,24.2576,24.2576,24.2576,3355196.37,0.0,1,81389011.464912,73.72582307645669,87.36013365769361
456,2020-02-16,833,23.3193,23.3193,23.3193,23.3193,3752723.69,0.0,1,87510889.54421699,62.34766264475836,78.41857028926387
457,2020-02-17,834,23.4555,23.4555,23.4555,23.4555,3208991.96,3208991.96,1,75268510.91778001,63.99927241860184,66.69091937993889
458,2020-02-18,835,24.0821,24.0821,24.0821,24.0821,3010749.17,3010749.17,1,72505162.58685699,67.29821426078216,64.54838310804737
459,2020-02-19,836,22.3709,22.3709,22.3709,22.3709,2160221.91,0.0,1,48326108.326419,29.589355197331834,53.628947292238536
460,2020-02-20,837,22.1626,22.1626,22.1626,22.1626,2367513.62,0.0,1,52470257.35461201,8.063855031819713,34.98380816331116
461,2020-02-21,838,22.1888,22.1888,22.1888,22.1888,2989205.36,2989205.36,1,66326879.891968004,8.629058354007164,15.427422861052827
462,2020-02-22,839,21.9689,21.9689,21.9689,21.9689,2139282.22,0.0,1,46997677.16295801,0.0,5.564304461942217
463,2020-02-23,840,22.8452,22.8452,22.8452,22.8452,3052036.96,3052036.96,1,69724394.75859201,19.66826772006997,9.432442024692302
464,2020-02-24,841,22.0965,22.0965,22.0965,22.0965,2294898.35,0.0,1,50709221.390775,2.863940386946123,7.510736035671955
465,2020-02-25,842,20.3193,20.3193,20.3193,20.3193,2335580.11,0.0,1,47457352.92912299,0.0,7.510736035671955
466,2020-02-26,843,18.7441,18.7441,18.7441,18.7441,3772185.04,0.0,1,70706213.608264,0.0,0.9546467956486318
467,2020-02-27,844,19.2,19.2,19.2,19.2,3018934.76,3018934.76,1,57963547.392,5.990329277586519,1.996776425862097
468,2020-02-28,845,18.9838,18.9838,18.9838,18.9838,3099999.93,0.0,1,58849778.671133995,4.347510655663356,3.445946644416549
469,2020-02-29,846,19.23,19.23,19.23,19.23,3569383.92,3569383.92,1,68639252.7816,9.10266017234921,6.480166701866286
470,2020-03-01,847,18.902,18.902,18.902,18.902,2382184.78,0.0,1,45028056.71156,2.9580367178718894,5.4694025152947425
471,2020-03-02,848,19.9289,19.9289,19.9289,19.9289,3267729.0,3267729.0,1,65122244.4681,22.195578868490053,11.418758586236976
472,2020-03-03,849,19.6882,19.6882,19.6882,19.6882,2545825.0,0.0,1,50122711.76499999,23.02065299553776,16.058089527299824
473,2020-03-04,850,19.95,19.95,19.95,19.95,2408511.94,2408511.94,1,48049813.203,29.40430616176148,24.87351267526302
474,2020-03-05,851,20.7462,20.7462,20.7462,20.7462,3090423.11,3090423.11,1,64114535.92468201,48.81860964131582,33.74785626620494
475,2020-03-06,852,21.3389,21.3389,21.3389,21.3389,3229858.82,3229858.82,1,68921634.37409799,63.270829777376804,47.164581860151294
476,2020-03-07,853,20.25,20.25,20.25,20.25,2378944.85,0.0,1,48173633.2125,36.71941674184977,49.602952053514066
477,2020-03-08,854,16.894000000000002,16.894000000000002,16.894000000000002,16.894000000000002,3465550.25,0.0,1,58547005.9235,0.0,33.33008217307546
478,2020-03-09,855,16.5888,16.5888,16.5888,16.5888,4046754.14,0.0,1,67130795.077632,0.0,12.239805580616528
479,2020-03-10,856,16.8671,16.8671,16.8671,16.8671,3449744.57,3449744.57,1,58187186.63664699,5.858824024757406,1.9529413415857395
480,2020-03-11,857,16.5705,16.5705,16.5705,16.5705,2581538.77,0.0,1,42777388.188285,0.0,1.9529413415857395
481,2020-03-12,858,9.2566,9.2566,9.2566,9.2566,8801238.37,0.0,1,81469543.095742,0.0,1.9529413415857395
482,2020-03-13,859,10.9204,10.9204,10.9204,10.9204,11661947.1,11661947.1,1,127353127.11084,13.770556930385775,4.5901856434618615
483,2020-03-14,860,10.1487,10.1487,10.1487,10.1487,5350550.68,0.0,1,54301133.686116,7.383527970667831,7.051361633684472
484,2020-03-15,861,10.3898,10.3898,10.3898,10.3898,6424065.36,6424065.36,1,66744754.277328,9.379008963525147,10.17769795485952
485,2020-03-16,862,9.4285,9.4285,9.4285,9.4285,5814301.17,0.0,1,54820138.581345,1.4227423586568706,6.061759764283219
486,2020-03-17,863,10.2576,10.2576,10.2576,10.2576,5102840.45,5102840.45,1,52342896.19992,8.284846428246274,6.362199250142701
487,2020-03-18,864,10.3866,10.3866,10.3866,10.3866,4453108.43,4453108.43,1,46252656.01903799,9.35252393997831,6.353370908960422
488,2020-03-19,865,12.2597,12.2597,12.2597,12.2597,5850057.14,5850057.14,1,71719945.51925799,24.855366941724675,14.164245769983024
489,2020-03-20,866,11.9147,11.9147,11.9147,11.9147,6965457.92,0.0,1,82991341.479424,24.179052886277216,19.46231458932667
490,2020-03-21,867,12.1,12.1,12.1,12.1,5811696.5,5811696.5,1,70321527.64999999,37.22994736428626,28.754789064095984
491,2020-03-22,868,11.167,11.167,11.167,11.167,4562736.86,0.0,1,50952082.51562,25.10216148741869,28.83705391266066
492,2020-03-23,869,12.1887,12.1887,12.1887,12.1887,5299899.45,5299899.45,1,64598884.42621501,38.527035017410164,33.619714623038305
493,2020-03-24,870,12.425999999999998,12.425999999999998,12.425999999999998,12.425999999999998,4627182.29,4627182.29,1,57497367.13554,43.333925812493995,35.65437410577422
494,2020-03-25,871,12.3251,12.3251,12.3251,12.3251,3607793.89,0.0,1,44466420.47363901,96.81643213226486,59.55913098738961
495,2020-03-26,872,13.199000000000002,13.199000000000002,13.199000000000002,13.199000000000002,3439169.72,3439169.72,1,45393601.134279996,100.0,80.05011931491956
496,2020-03-28,874,12.3354,12.3354,12.1888,12.1888,5256736.02,0.0,2,64480566.263982,73.20779737435352,90.00807650220607
497,2020-03-30,876,11.3008,12.1365,11.3008,12.1365,6543416.0,4237647.48,2,77487237.531836,71.82071343323163,81.67617026919498
498,2020-03-31,877,12.5451,12.5451,12.5451,12.5451,5120471.15,5120471.15,1,64236822.623865,82.65747248375543,75.89532776378013
499,2020-04-01,878,12.72,12.72,12.72,12.72,4359956.32,4359956.32,1,55458644.39040001,83.71523764193918,79.39780785297535
500,2020-04-02,879,13.0166,13.0166,13.0166,13.0166,5332604.53,5332604.53,1,69412380.12519799,93.51443606883797,86.6290487315108
501,2020-04-03,880,13.3615,13.3615,13.3615,13.3615,5030322.03,5030322.03,1,67212647.80384499,100.0,92.40989123692566
502,2020-04-04,881,13.7606,13.7606,13.7606,13.7606,4840528.53,4840528.53,1,66608576.88991801,100.0,97.83814535627926
503,2020-04-05,882,13.6888,13.6888,13.6888,13.6888,4275639.25,0.0,1,58528370.5654,97.2316471314004,99.07721571046675
504,2020-04-06,883,15.1989,15.1989,15.1989,15.1989,5583296.76,5583296.76,1,84859969.125564,100.0,99.07721571046675
505,2020-04-07,884,14.7266,14.7266,14.7266,14.7266,4718920.67,0.0,1,69493657.13882199,87.88384084554012,95.03849599231346
506,2020-04-08,885,15.0888,15.0888,15.0888,15.0888,4614905.63,4614905.63,1,69633388.06994401,97.1755470613889,95.01979596897628
507,2020-04-09,886,15.0096,15.0096,15.0096,15.0096,4638418.39,0.0,1,69620804.66654399,95.14378799928171,93.40105863540352
508,2020-04-10,887,13.72,13.72,13.72,13.72,3999879.14,0.0,1,54878341.8008,62.061004078910244,84.79344637986021
509,2020-04-11,888,13.807,13.807,13.807,13.807,3692817.92,3692817.92,1,50986737.02144,64.29286062440677,73.83255090086618
510,2020-04-12,889,14.2808,14.2808,14.2808,14.2808,4070517.82,4070517.82,1,58130250.88385599,76.44750006413379,67.60045492248355
511,2020-04-13,890,15.0277,15.0277,15.0277,15.0277,4313190.93,4313190.93,1,64817339.33876099,93.54887331373877,78.09641133409308
512,2020-04-14,891,15.6148,15.6148,15.6148,15.6148,4523071.2,4523071.2,1,70626852.17376001,100.0,89.99879112595748
513,2020-04-15,892,14.5755,14.5755,14.5755,14.5755,3795966.9,0.0,1,55328115.55095,59.99923023631742,84.51603451668535
514,2020-04-16,893,15.7394,15.7394,15.7394,15.7394,4068049.48,4068049.48,1,64028657.985512,100.0,86.66641007877244
515,2020-04-17,894,15.64,15.64,15.64,15.64,3150559.17,0.0,1,49274745.4188,95.1526382522189,85.05062282951208
516,2020-04-18,895,16.6137,16.6137,16.6137,16.6137,3968019.07,3968019.07,1,65923478.42325901,100.0,98.38421275073961
517,2020-04-19,896,16.0683,16.0683,16.0683,16.0683,2962072.6,0.0,1,47595471.15858001,81.15215813664165,92.10159879628684
518,2020-04-20,897,14.9892,14.9892,14.9892,14.9892,3219905.9,0.0,1,48263813.516279995,43.86080105055809,75.00431972906657
519,2020-04-21,898,15.1283,15.1283,15.1283,15.1283,3137524.29,3137524.29,1,47465408.716407,48.66779555586268,57.89358491435413
520,2020-04-22,899,15.7104,15.7104,15.7104,15.7104,3296897.61,3296897.61,1,51795580.212144,68.78390987317272,53.770835493197815
521,2020-04-23,900,16.034000000000002,16.034000000000002,16.034000000000002,16.034000000000002,3457409.45,3457409.45,1,55436103.1213,79.96682448076861,65.80617663660134
522,2020-04-24,901,15.9319,15.9319,15.9319,15.9319,3008320.26,0.0,1,47928257.550294,75.7081269818648,74.81962044526871
523,2020-04-25,902,16.2283,16.2283,16.2283,16.2283,2946839.79,2946839.79,1,47822200.164057,83.47978910369068,79.71824685544135
524,2020-04-26,903,16.3588,16.3588,16.3588,16.3588,3314818.91,3314818.91,1,54226459.584908,87.49386713767036,82.2272610744086
525,2020-04-27,904,16.4229,16.4229,16.4229,16.4229,2937287.36,2937287.36,1,48238776.584544,90.63879894024124,87.20415172720077
526,2020-04-28,905,16.34,16.34,16.34,16.34,2838511.43,0.0,1,46381276.76620001,86.57148464331266,88.23471690707476
527,2020-04-29,906,17.3667,17.3667,17.3667,17.3667,3817656.7,3817656.7,1,66300098.61189001,100.0,92.40342786118464
528,2020-04-30,907,16.9542,16.9542,16.9542,16.9542,4127322.51,0.0,1,69975451.299042,82.64984227129332,89.74044230486867
529,2020-05-01,908,17.465999999999998,17.465999999999998,17.465999999999998,17.465999999999998,3805293.67,3805293.67,1,66463259.240219995,100.0,94.21661409043111
530,2020-05-02,909,17.5333,17.5333,17.5333,17.5333,3009939.67,3009939.67,1,52774175.216010995,100.0,94.21661409043111
531,2020-05-03,910,17.1071,17.1071,17.1071,17.1071,2616299.53,0.0,1,44757297.68966299,83.24751385558739,94.41583795186246
532,2020-05-04,911,17.0074,17.0074,17.0074,17.0074,2755883.63,0.0,1,46870415.248862,78.13305613305614,87.12685666288117
533,2020-05-05,912,16.8886,16.8886,16.8886,16.8886,2613361.65,0.0,1,44136019.56219,64.63327664710077,75.33794887858143
534,2020-05-06,913,16.3743,16.3743,16.3743,16.3743,2716280.37,0.0,1,44477189.66249101,27.625827401024168,56.79738672706036
535,2020-05-07,914,17.0003,17.0003,17.0003,17.0003,3030451.51,3030451.51,1,51518584.805453,66.71662295491437,52.991909001013106
536,2020-05-08,915,17.1371,17.1371,17.1371,17.1371,2621559.87,2621559.87,1,44925933.64817701,69.63984674329498,54.6607656997445
537,2020-05-09,916,16.7751,16.7751,16.7751,16.7751,2243643.83,0.0,1,37637349.612633005,36.46191234392007,57.606127347376464
538,2020-05-10,917,15.3506,15.3506,15.3506,15.3506,2900497.8,0.0,1,44524381.52868,0.0,35.36725302907168
539,2020-05-11,918,15.0811,15.0811,15.0811,15.0811,2726253.27,0.0,1,41114898.190197,0.0,12.153970781306683
540,2020-05-12,919,15.7892,15.7892,15.7892,15.7892,3026813.09,3026813.09,1,47790957.240628004,28.876111247043458,9.625370415681145
541,2020-05-13,920,16.2164,16.2164,16.2164,16.2164,2813530.97,2813530.97,1,45625343.621908,46.297202512030026,25.057771253024487
542,2020-05-14,921,16.3777,16.3777,16.3777,16.3777,2801822.6,2801822.6,1,45887409.99602,52.87496941521902,42.6827610580975
543,2020-05-15,922,15.7222,15.7222,15.7222,15.7222,2314685.06,0.0,1,36391941.450332,26.14387080988505,41.77201424571136
544,2020-05-16,923,16.058,16.058,16.058,16.058,2730367.35,2730367.35,1,43844238.9063,47.51459143968872,42.17781055493092
545,2020-05-17,924,16.2959,16.2959,16.2959,16.2959,2894016.23,2894016.23,1,47160599.082457,59.08560311284046,44.2480217874714
546,2020-05-18,925,16.6299,16.6299,16.6299,16.6299,3116537.96,3116537.96,1,51827714.621004,75.33073929961085,60.643644617380005
547,2020-05-19,926,17.2098,17.2098,17.2098,17.2098,3245275.75,3245275.75,1,55850546.60235,100.0,78.13878080415043
548,2020-05-20,927,16.8998,16.8998,16.8998,16.8998,2395316.09,0.0,1,40480362.857782,85.43712124770978,86.92262018244021
549,2020-05-22,929,16.0888,16.5864,16.0888,16.5864,4684226.45,2520655.47,2,76617860.67063199,70.7145205994269,85.38388061571224
550,2020-05-23,930,16.48,16.48,16.48,16.48,2303001.13,0.0,1,37953458.6224,65.71616479541504,73.95593554751724
551,2020-05-24,931,15.9624,15.9624,15.9624,15.9624,2280998.65,0.0,1,36410212.85076,41.40085498191387,59.27718012558527
552,2020-05-25,932,16.3807,16.3807,16.3807,16.3807,2348512.91,2348512.91,1,38470285.42483701,61.0513458918589,56.05612188972926
553,2020-05-27,934,16.2159,16.47,16.2159,16.47,4621155.87,2613812.05,2,75600371.114238,50.26888948642093,50.907030120064555
554,2020-05-28,935,17.0772,17.0772,17.0772,17.0772,2866468.39,2866468.39,1,48951253.98970801,91.08631352514116,67.46884963447366
555,2020-05-29,936,17.0031,17.0031,17.0031,17.0031,2599351.65,0.0,1,44197036.040115,86.10513578919054,75.82011293358421
556,2020-05-30,937,17.7277,17.7277,17.7277,17.7277,2969818.23,2969818.23,1,52648046.635971,100.0,92.39714977144392
557,2020-05-31,938,17.0916,17.0916,17.0916,17.0916,2612942.18,0.0,1,44659362.563688,63.96646462357675,83.35720013758912
558,2020-06-01,939,17.9477,17.9477,17.9477,17.9477,2989853.06,2989853.06,1,53660985.764962,100.0,87.98882154119228
559,2020-06-02,940,17.2669,17.2669,17.2669,17.2669,2536257.15,0.0,1,43793298.583335,65.70795345791561,76.55813936049748
560,2020-06-03,941,17.5779,17.5779,17.5779,17.5779,2650311.14,2650311.14,1,46586904.187806,81.3730922278748,82.36034856193017
561,2020-06-04,942,17.517,17.517,17.517,17.517,2320525.89,0.0,1,40648652.01513,78.30554576134581,75.12886381571211
562,2020-06-05,943,17.6914,17.6914,17.6914,17.6914,2454899.86,2454899.86,1,43430615.383204,87.09011232559314,82.25625010493796
563,2020-06-06,944,17.5511,17.5511,17.5511,17.5511,2105593.92,0.0,1,36955489.449312,80.02317030171766,81.80627612955224
564,2020-06-08,946,17.4135,17.4489,17.4135,17.4489,3473877.85,1657535.11,2,60551048.683869,74.87533370271481,80.66287211000856
565,2020-06-10,948,17.3733,17.406,17.3733,17.406,3438838.4400000004,1807563.86,2,59803079.207874,68.72040651345407,74.53963683929554
566,2020-06-12,950,16.2298,16.6377,16.2298,16.6377,3733957.59,1932061.47,2,61389472.767795,24.356161219540223,55.9839671452364
567,2020-06-14,952,16.8101,16.8101,16.5729,16.5729,3720656.38,2023311.83,2,62141995.686178006,19.972058909133224,37.68287554737588
568,2020-06-16,954,16.377,16.4329,16.377,16.4329,3136590.85,1614905.64,2,51458221.575726,11.822574072996051,18.716931400556536
569,2020-06-18,956,16.3983,16.3983,16.1608,16.1608,2885518.18,0.0,2,46989172.814469,0.0,10.59821099404313
570,2020-06-20,958,15.9512,16.059,15.9512,16.059,2751345.8200000003,1427210.22,2,44041120.7057,5.3994490358127205,5.740674369602961
571,2020-06-22,960,15.9775,16.5051,15.9775,16.5051,3023888.26,1706812.42,2,49214688.906942,27.743551214625516,11.047666750146115
572,2020-06-24,962,16.3898,16.3898,15.9968,15.9968,2983107.0300000007,0.0,2,48291316.082394,2.620388461096441,11.921129570511596
573,2020-06-27,965,15.905999999999999,15.905999999999999,15.1242,15.1242,3552089.41,0.0,3,55333640.433072,0.0,10.121313225240689
574,2020-06-29,967,15.3782,15.4656,15.3782,15.4656,2914715.34,2914715.34,2,44955211.6892,13.298535369273914,5.306307943456821
575,2020-07-01,969,15.3838,15.8144,15.3838,15.8144,2927980.61,1612208.19,2,45737684.954732,26.88532253038324,13.394619299885756
576,2020-07-03,971,15.3634,15.3634,15.2863,15.2863,2610474.22,0.0,2,40012381.598755,6.679302814289854,15.621053571315707
577,2020-07-05,973,15.5548,15.5548,15.4885,15.4885,2440195.66,1319545.75,2,37882456.363135,15.670839248075035,16.411821530916082
578,2020-07-07,975,16.311,16.8048,16.311,16.8048,3487079.650000001,3487079.650000001,2,57806411.43304201,73.65237970023671,32.0008405875339
579,2020-07-08,976,17.2819,17.2819,17.2819,17.2819,2271202.72,2271202.72,1,39250698.286768,100.0,63.107739649437285
580,2020-07-10,978,16.8274,17.3123,16.8274,17.3123,3968467.24,2099193.57,2,67796884.596469,100.0,91.21745990007894
581,2020-07-11,979,17.6205,17.6205,17.6205,17.6205,2318005.65,2318005.65,1,40844418.555825,100.0,100.00000000000004
582,2020-07-12,980,18.2994,18.2994,18.2994,18.2994,2995977.41,2995977.41,1,54824589.016554,100.0,100.00000000000004
583,2020-07-13,981,18.4046,18.4046,18.4046,18.4046,3228967.7,3228967.7,1,59427858.93142,100.0,100.00000000000004
584,2020-07-14,982,18.079,18.079,18.079,18.079,2385481.97,0.0,1,43127128.535629995,90.07438117302775,96.69146039100929
585,2020-07-16,984,17.6351,17.6351,17.1647,17.1647,4013022.17,0.0,2,69804109.357591,62.20278014876237,84.0923871072634
586,2020-07-18,986,17.0676,17.1507,17.0676,17.1507,3542648.860000001,1687884.76,2,60604776.906492,61.77600292647243,71.35105474942088
587,2020-07-19,987,18.0154,18.0154,18.0154,18.0154,2597680.63,2597680.63,1,46798255.621702,87.51884039380434,70.49920782301308
588,2020-07-20,988,17.4645,17.4645,17.4645,17.4645,2487505.49,0.0,1,43443039.630104996,69.85216303755257,73.0490021192765
589,2020-07-21,989,17.7285,17.7285,17.7285,17.7285,2110735.01,2110735.01,1,37420165.624785,78.31831446621561,78.56310596585756
590,2020-07-22,990,18.09,18.09,18.09,18.09,2174379.2,2174379.2,1,39334519.728,89.21161825726145,79.12736525367659
591,2020-07-23,991,18.75,18.75,18.75,18.75,2393871.45,2393871.45,1,44885089.6875,100.0,89.17664424115905
592,2020-07-24,992,19.1853,19.1853,19.1853,19.1853,2790281.46,2790281.46,1,53532386.894538,100.0,96.40387275242051
593,2020-07-25,993,19.8242,19.8242,19.8242,19.8242,2956369.76,2956369.76,1,58607665.39619201,100.0,100.00000000000004
594,2020-07-26,994,19.5557,19.5557,19.5557,19.5557,2857739.16,0.0,1,55885089.69121201,90.25974025974028,96.7532467532468
595,2020-07-27,995,19.7474,19.7474,19.7474,19.7474,3841364.91,3841364.91,1,75856969.423734,97.21395922513233,95.82456649495758
596,2020-07-28,996,20.1732,20.1732,20.1732,20.1732,3516712.35,3516712.35,1,70943341.57902001,100.0,95.82456649495758
597,2020-07-29,997,19.899,19.899,19.899,19.899,2219760.2,0.0,1,44171008.2198,91.17078825347758,96.12824915953668
598,2020-07-30,998,19.97,19.97,19.97,19.97,2052250.83,2052250.83,1,40983449.0751,93.45698093766093,94.87592306371289
599,2020-07-31,999,20.6615,20.6615,20.6615,20.6615,2251101.21,2251101.21,1,46511127.650415,100.0,94.87592306371289
600,2020-08-01,1000,21.6168,21.6168,21.6168,21.6168,2657942.85,2657942.85,1,57456218.99988001,100.0,97.81899364588703
601,2020-08-02,1001,20.9898,20.9898,20.9898,20.9898,3352897.46,0.0,1,70376647.10590799,84.89993497579648,94.96664499193223
602,2020-08-03,1002,22.0504,22.0504,22.0504,22.0504,2668345.02,2668345.02,1,58838075.02900799,100.0,94.96664499193223
603,2020-08-04,1003,22.2818,22.2818,22.2818,22.2818,2393749.74,2393749.74,1,53337052.95673201,100.0,94.96664499193223
604,2020-08-05,1004,23.2728,23.2728,23.2728,23.2728,3698317.51,3698317.51,1,86070203.74672799,100.0,100.00000000000006
605,2020-08-06,1005,22.7487,22.7487,22.7487,22.7487,2442941.26,0.0,1,55573737.84136199,87.17798165137613,95.7259938837921
606,2020-08-07,1006,22.3323,22.3323,22.3323,22.3323,2770775.51,0.0,1,61877789.921973,74.69801727152887,87.2919996409684
