date_time,tick_num,open,high,low,close,volume,cum_buy_volume,cum_ticks,cum_dollar_value,avg,upper,lower,side,mom1,mom2,mom3,mom4,mom5,log_ret,volatility,autocorr_1,autocorr_2,autocorr_3,autocorr_4,autocorr_5,log_t1,log_t2,log_t3,log_t4,log_t5,fast_mavg,slow_mavg,rsi,srsi,sma
2020-08-11 15:35:00,289398,21.5442,21.5646,21.4826,21.4826,41917.39,10213.9,3,902081.29439,21.74868089050805,22.21169058335564,21.285671197660466,,-0.003534519546542492,0.00976742437061695,-0.009182859277639621,-0.011294182621502169,-0.006309264998381026,-0.003540780718598757,0.004995518117888737,-0.04390022618034293,-0.1879003522928148,-0.09066156890987558,-0.21073139580221206,-0.2709746844407441,0.013260812154512802,-0.0189453130712196,-0.00213316459486812,0.005029193703958157,-0.0025592829502341092,21.574185714285573,21.6624599999999,21.0,28.531141102039904,-1.0
2020-08-11 15:55:00,289402,21.464000000000002,21.4684,21.4,21.4,35882.3,9096.06,4,769699.375676,21.716982627734595,22.184558282630796,21.2494069728384,,-0.003844972210067854,-0.007365901627177873,0.00588489668528025,-0.012992523648975851,-0.015095729013254957,-0.003852383118306157,0.005007245693606654,-0.04475036019215525,-0.2070512258587764,-0.032447259240041555,-0.2064291373013848,-0.2785784365465099,-0.003540780718598757,0.013260812154512802,-0.0189453130712196,-0.00213316459486812,0.005029193703958157,21.534985714285575,21.614853333333233,18.0,28.534847954314127,-1.0
2020-08-11 16:10:00,289405,21.3818,21.3818,21.0032,21.0032,85990.4,0.0,3,1813885.8824830002,21.65209329794054,22.198195697085236,21.10599089879584,,-0.01854205607476633,-0.022315734594509085,-0.025771378740931827,-0.012766277473818756,-0.03129367162169017,-0.018716114960799942,0.0055379123845520715,-0.015076767498642224,-0.1583637171614759,-0.21528950126844484,0.10847818964224136,-0.23836760761708245,-0.003852383118306157,-0.003540780718598757,0.013260812154512802,-0.0189453130712196,-0.00213316459486812,21.44701428571415,21.55117333333323,11.0,28.40264260127307,-1.0
2020-08-11 16:20:00,289407,21.1328,21.1452,21.1328,21.1452,50698.76,50698.76,2,1071670.675192,21.606012089036845,22.17283073090291,21.039193447170803,1.0,0.00676087453340446,-0.011906542056074776,-0.015705733942818934,-0.01918474126574776,-0.006091714140673443,0.006738122313542315,0.0056455653876335615,-0.10892484908292313,-0.1719510575755213,-0.22277566968246,0.18189679810724396,-0.31877663177758736,-0.018716114960799942,-0.003852383118306157,-0.003540780718598757,0.013260812154512802,-0.0189453130712196,21.363757142857,21.508546666666565,11.0,28.914530067032672,-1.0
2020-08-11 16:35:00,289410,21.1947,21.2187,21.1947,21.1964,47375.7,32042.98,3,1004463.0994540001,21.568774626397143,22.138717513590894,20.998831739203386,,0.002421353309498109,0.009198598308829187,-0.009514018691588744,-0.013322409764181307,-0.0168098409930052,0.002418426557089237,0.0056691742942300005,-0.08642042648664316,-0.1947658395961939,-0.22948150452915936,0.17258264937160395,-0.25316564470601866,0.006738122313542315,-0.018716114960799942,-0.003852383118306157,-0.003540780718598757,0.013260812154512802,21.29442857142843,21.476306666666567,19.0,29.87460369296873,-1.0
2020-08-11 16:50:00,289413,21.2951,21.3372,21.2193,21.3372,46379.13000000001,32863.91,3,987251.434486,21.547722387633762,22.10069162102416,20.994753154243366,,0.0066426374289974,0.00908007491061813,0.01590233869124713,-0.002934579439252349,-0.00676826827292798,0.0066206723301278645,0.005779830147065837,-0.06551960160224465,-0.14664553699735286,-0.28991245019663514,0.15460755539357865,-0.26169538687224003,0.002418426557089237,0.006738122313542315,-0.018716114960799942,-0.003852383118306157,-0.003540780718598757,21.303342857142717,21.46451999999989,31.0,31.299583547023214,-1.0
2020-08-11 17:15:00,289418,21.3937,21.4272,21.3779,21.3779,35683.64,16294.39,5,763620.6442379998,21.532283988757968,22.06483269923209,20.999735278283843,,0.001907466771647659,0.00856277481081702,0.01100486162344172,0.017840138645539794,-0.001032710280373772,0.001905649866995152,0.0057898127313861575,-0.04853665509720632,-0.1361563100641071,-0.26379530678210594,0.09994925681321773,-0.27311153001288024,0.0066206723301278645,0.002418426557089237,0.006738122313542315,-0.018716114960799942,-0.003852383118306157,21.277499999999858,21.45877999999989,39.0,31.85487729724759,-1.0
2020-08-11 17:35:00,289422,21.3391,21.5728,21.3391,21.5728,52869.69,41728.54,4,1135505.1644799998,21.53596726250725,22.044048044013532,21.02788648100095,,0.009116891743342405,0.011041748683051187,0.017757732445132124,0.02022208349885557,0.027119677001599785,0.009075583762912842,0.0059645268336144105,-0.030307872407812287,-0.08657573164190895,-0.22960828621390436,0.15023139163044727,-0.34545511826736464,0.001905649866995152,0.0066206723301278645,0.002418426557089237,0.006738122313542315,-0.018716114960799942,21.290385714285573,21.452233333333236,50.0,32.648547538744445,-1.0
2020-08-11 17:50:00,289425,21.55,21.55,21.5303,21.5303,34338.44,0.0,3,739648.654505,21.53545205682477,22.01989454668236,21.051009566967185,,-0.001970073425795471,0.00712885737139768,0.009049922201600944,0.01575267498254429,0.018212171083744844,-0.0019720165729615324,0.00595768368977141,-0.04289031270670357,-0.08473607089479325,-0.2249791437211809,0.1533101646381486,-0.3439349563679141,0.009075583762912842,0.001905649866995152,0.0066206723301278645,0.002418426557089237,0.006738122313542315,21.308999999999862,21.438819999999897,50.0,33.48957213011274,-1.0
2020-08-11 18:10:00,289429,21.5421,21.5421,21.488000000000003,21.5117,39750.53,28583.1,4,855038.603441,21.533292778931607,21.995309791806992,21.071275766056228,,-0.0008638987845036582,-0.002832270266261205,0.0062587999756758,0.008178205200307431,0.014875167481270381,-0.0008642721601130887,0.005904550511196096,-0.035619729032005346,-0.06885597750212911,-0.2156877650420588,0.15257206025271464,-0.3578619483223719,-0.0019720165729615324,0.009075583762912842,0.001905649866995152,0.0066206723301278645,0.002418426557089237,21.38164285714272,21.427973333333235,47.0,34.42197955036677,-1.0
2020-08-11 18:30:00,289433,21.4725,21.4911,21.4451,21.4451,39139.18,7188.83,4,840432.4620640002,21.525275253574193,21.9675115285672,21.083038978581182,,-0.003095989624251061,-0.003957213787081471,-0.00591949121115487,0.003143433171639787,0.005056895937611383,-0.0031007921149970308,0.005901844003642189,-0.041879234459340095,-0.07252861164092478,-0.22256339490532376,0.1520341565324037,-0.3605323449766447,-0.0008642721601130887,-0.0019720165729615324,0.009075583762912842,0.001905649866995152,0.0066206723301278645,21.424485714285574,21.416379999999908,44.0,34.741453774657074,1.0
2020-08-11 18:55:00,289438,21.3902,21.3902,21.3524,21.3524,37137.58,4572.74,5,793858.6279869998,21.509559321431084,21.93807853616888,21.08104010669329,,-0.0043226657837921465,-0.0074052724796274125,-0.008262773858237038,-0.010216569012831078,-0.0011928206231669456,-0.004332035514757582,0.005891795863158718,-0.045669677500755984,-0.07311778041614997,-0.21424167158065013,0.1288510480313933,-0.3604308904482553,-0.0031007921149970308,-0.0008642721601130887,-0.0019720165729615324,0.009075583762912842,0.001905649866995152,21.44677142857129,21.391339999999907,37.0,34.9771255777809,1.0
2020-08-11 19:20:00,289443,21.2819,21.41,21.2819,21.2931,39063.93,12210.57,5,833028.173407,21.48988120130099,21.9095042093284,21.070258193273574,,-0.0027772053726982104,-0.007087866225851225,-0.01016191188980886,-0.01101703181098268,-0.012965400875176279,-0.002781068962518507,0.005879884361210469,-0.04217802595170187,-0.06533238385114913,-0.21370311842933706,0.13609243634340493,-0.3621246199618728,-0.004332035514757582,-0.0031007921149970308,-0.0008642721601130887,-0.0019720165729615324,0.009075583762912842,21.440471428571293,21.365433333333236,33.0,35.91528776462518,1.0
2020-08-11 19:40:00,289447,21.2642,21.2802,21.2598,21.2608,34833.770000000004,14057.4,4,740802.338246,21.469055637546354,21.881756667693328,21.056354607399378,,-0.0015169233225786893,-0.004289915887675354,-0.008594037798844491,-0.011663420371239908,-0.012517243141061727,-0.0015180750155963096,0.005880300484536946,-0.04169597250537673,-0.06423625877866006,-0.21314132682441606,0.13602368617933994,-0.3618111119975603,-0.002781068962518507,-0.004332035514757582,-0.0031007921149970308,-0.0008642721601130887,-0.0019720165729615324,21.423742857142717,21.364499999999907,32.0,35.836598932912295,1.0
2020-08-11 20:00:00,289451,21.2926,21.2963,21.1634,21.1634,37658.33,10303.75,4,799364.694954,21.441268761405773,21.85729690897869,21.02524061383286,,-0.0045812010836845385,-0.0060911750754939495,-0.00885146400404635,-0.013135867867251738,-0.01619118898088023,-0.004591726945063712,0.0058853032608911435,-0.04184075931378877,-0.06590701129617177,-0.2039079980472612,0.13759286988378847,-0.3571286192230473,-0.0015180750155963096,-0.002781068962518507,-0.004332035514757582,-0.0031007921149970308,-0.0008642721601130887,21.365257142857,21.338139999999907,26.0,35.69383056198915,1.0
2020-08-11 20:15:00,289454,21.17,21.17,21.0,21.0,48324.88000000001,14523.88,3,1018390.193992,21.4011534194598,21.843152556861487,20.9591542820581,,-0.007720876607728354,-0.012266706803130578,-0.013765022472068345,-0.016503999550401827,-0.020755324060041658,-0.007750836888242406,0.005957526071206924,-0.029335332355773694,-0.06323984842641979,-0.19552350952815786,0.14939966468677926,-0.3443459166482961,-0.004591726945063712,-0.0015180750155963096,-0.002781068962518507,-0.004332035514757582,-0.0031007921149970308,21.289499999999855,21.305966666666574,20.0,35.38997768682117,-1.0
2020-08-11 20:30:00,289457,21.1548,21.1548,20.8284,20.8284,52202.39,21740.42,3,1096935.004164,21.349084926781632,21.840667412728706,20.85750244083456,,-0.008171428571428606,-0.015829214587448237,-0.02033789885611081,-0.021823971145582436,-0.02454056686836148,-0.008204997690723914,0.006019381209941533,-0.002448679336395444,-0.05201493485899505,-0.18744773467495726,0.16085624988999606,-0.3234876145779181,-0.007750836888242406,-0.004591726945063712,-0.0015180750155963096,-0.002781068962518507,-0.004332035514757582,21.19188571428557,21.26785999999991,15.0,35.406398480906674,-1.0
2020-08-11 20:35:00,289458,20.9076,20.9076,20.9076,20.9076,36204.24,36204.24,1,756943.7682239999,21.308949933437848,21.816631352177733,20.801268514697963,1.0,0.0038025004321022853,-0.004400000000000071,-0.012086904750654435,-0.016612733293196902,-0.018104456373191358,0.0037952892020238775,0.006065027426939323,-0.021616744162407404,-0.07175595620069694,-0.19822190595356493,0.1577560981018109,-0.3250399726934171,-0.008204997690723914,-0.007750836888242406,-0.004591726945063712,-0.0015180750155963096,-0.002781068962518507,21.11509999999986,21.261486666666574,15.0,35.29526558028838,-1.0
2020-08-11 20:50:00,289461,21.0084,21.0084,20.9199,20.9199,40421.69,19697.23,3,848205.0234300002,21.27358175767077,21.787256921094194,20.759906594247344,,0.0005883028181139505,0.0043930402719363215,-0.0038142857142857704,-0.011505712692667536,-0.016034203792895885,0.0005881298358514363,0.006066680637891845,-0.012767561296028143,-0.07464599378662863,-0.2010131064700797,0.1505469343282083,-0.327639884796721,0.0037952892020238775,-0.008204997690723914,-0.007750836888242406,-0.004591726945063712,-0.0015180750155963096,21.053314285714148,21.246466666666574,28.0,35.084529475385736,-1.0
2020-08-11 21:00:00,289463,20.8929,20.8929,20.8139,20.8139,41139.47,0.0,2,857237.076783,21.231792506973427,21.76201134907342,20.70157366487344,,-0.005066945826700753,-0.004481623907095944,-0.0006961648518368778,-0.008861904761904738,-0.01651435969645709,-0.0050798263249856035,0.006074346789461268,-0.023033570107358143,-0.08819212670154522,-0.17740479003390214,0.16649504346994864,-0.31539720825573553,0.0005881298358514363,0.0037952892020238775,-0.008204997690723914,-0.007750836888242406,-0.004591726945063712,20.984857142857003,21.220966666666573,24.0,34.29592918045681,-1.0
2020-08-11 21:15:00,289466,20.775,20.8569,20.775,20.8034,39979.89,12227.25,3,831975.839897,21.192847733612204,21.732668530057047,20.653026937167365,,-0.000504470570147908,-0.0055688602717985924,-0.0049838336298762,-0.0012002842273050038,-0.009361904761904792,-0.0005045978582365329,0.006053567628807377,-0.0283546581348869,-0.07909950783736028,-0.1697870588857307,0.16586398696102567,-0.3107125305349221,-0.0050798263249856035,0.0005881298358514363,0.0037952892020238775,-0.008204997690723914,-0.007750836888242406,20.91951428571415,21.18537999999991,22.0,33.38070625005876,-1.0
2020-08-11 21:35:00,289470,20.9697,21.1898,20.9548,21.1898,44608.06999999999,30692.0,4,938070.59891,21.192570666920187,21.707271363026468,20.677869970813905,,0.01857388696078544,0.018060046411292552,0.012901591307798109,0.013497484168436548,0.017351308789921527,0.0184034989339672,0.0066574343234530545,-0.014236349930628956,-0.10769648673100607,-0.13374687086780745,0.20361315186231044,-0.35190209002278183,-0.0005045978582365329,-0.0050798263249856035,0.0005881298358514363,0.0037952892020238775,-0.008204997690723914,20.923285714285573,21.17283999999991,52.0,33.261222507290924,-1.0
2020-08-11 21:50:00,289473,21.1365,21.2109,21.1365,21.2109,39334.2,17748.91,3,832305.201736,21.19423696992744,21.685051656836066,20.70342228301882,,0.0009957621119593973,0.019588144245652032,0.01907379203320847,0.01391020033556578,0.014506686563737548,0.000995266669735262,0.0066396269570494345,0.0012331882136122105,-0.1111895549432267,-0.14346431907353582,0.21480213505417195,-0.3451594062828789,0.0184034989339672,-0.0005045978582365329,-0.0050798263249856035,0.0005881298358514363,0.0037952892020238775,20.95341428571415,21.148713333333237,53.0,33.292255616972305,-1.0
2020-08-11 22:05:00,289476,21.1256,21.1256,20.9524,20.9524,38184.58,0.0,3,802784.9960800002,21.17225179084313,21.65227079199883,20.692232789687427,,-0.012187130201924412,-0.011203503572473572,0.007162290779391789,0.006654207044330951,0.0015535447110168745,-0.012262002211675059,0.006824720632077148,-0.010114091600276407,-0.1992430800617439,-0.14104495678979898,0.2291285265528687,-0.3475380401753224,0.000995266669735262,0.0184034989339672,-0.0005045978582365329,-0.0050798263249856035,0.0005881298358514363,20.97112857142844,21.11018666666657,42.0,32.79246132830161,-1.0
2020-08-11 22:25:00,289480,21.0315,21.0794,20.9714,21.0794,36476.62,28459.9,4,767091.4395890002,21.163810718948294,21.623326170154932,20.704295267741653,,0.00606135812603803,-0.006199642636568914,-0.005210053893854649,0.013267062114846516,0.012755898702309532,0.006043061990600672,0.006896069137781379,-0.04688975257915783,-0.1883717114401009,-0.06334112551192737,0.229123244448006,-0.3575901034550937,-0.012262002211675059,0.000995266669735262,0.0184034989339672,-0.0005045978582365329,-0.0050798263249856035,20.99567142857129,21.081366666666568,42.0,32.79561306572259,-1.0
2020-08-11 22:45:00,289484,21.0018,21.0018,20.9566,20.9976,35751.78,18286.13,4,750317.0315790002,21.14870065358936,21.592944405195944,20.704456901982773,,-0.003880565860508445,0.0021572707661172696,-0.01005615037551444,-0.009070401797091177,0.009335012546026087,-0.0038881147919531678,0.0068972255286186245,-0.05105603467226903,-0.1694376540938955,-0.06688673576668905,0.18134858070034365,-0.3578493218176033,0.006043061990600672,-0.012262002211675059,0.000995266669735262,0.0184034989339672,-0.0005045978582365329,21.006771428571295,21.051533333333236,41.0,32.83529761297606,-1.0
2020-08-11 23:10:00,289489,21.0035,21.1091,21.0035,21.0428,39910.5,28877.04,5,840136.5686550002,21.139073321444872,21.56522009076498,20.712926552124763,,0.0021526269668914466,-0.0017362923043350298,0.0043145415322349825,-0.007925170549104466,-0.00693730002170867,0.002150313385053337,0.006894598829775952,-0.054971694923644586,-0.15617069815377982,-0.07874031052110474,0.1827836494771673,-0.3139276423398571,-0.0038881147919531678,0.006043061990600672,-0.012262002211675059,0.000995266669735262,0.0184034989339672,21.039471428571296,21.030893333333236,50.0,33.13280273217261,1.0
2020-08-11 23:25:00,289492,20.9878,21.1029,20.9878,21.0512,46118.91,14126.04,3,970775.703926,21.13108483767716,21.53925089568334,20.722918779670973,,0.00039918642005831734,0.0025526726864024685,-0.001337798988585881,0.004715450258681697,-0.00752914774950597,0.0003991067663564607,0.006897594935877153,-0.05281014567873205,-0.15761240782639122,-0.07332846326596368,0.17338875448897445,-0.3124772835958975,0.002150313385053337,-0.0038881147919531678,0.006043061990600672,-0.012262002211675059,0.000995266669735262,21.074871428571296,21.01476666666657,49.0,33.52676601841082,1.0
2020-08-11 23:40:00,289495,21.0851,21.0851,21.0402,21.0569,38486.58,23150.93,3,810578.4595390002,21.124340761524692,21.514889919201387,20.733791603847987,,0.00027076841225182063,0.0006700629193832075,0.002824132281784575,-0.0010673928100420893,0.004987495465913039,0.0002707317611010396,0.006898936566604718,-0.05250695300966475,-0.15504014159413726,-0.0723419222877386,0.17522336101763974,-0.317005538075911,0.0003991067663564607,0.002150313385053337,-0.0038881147919531678,0.006043061990600672,-0.012262002211675059,21.05588571428558,21.001173333333234,49.0,34.15081166235826,1.0
2020-08-11 23:55:00,289498,21.058000000000003,21.2902,21.058000000000003,21.2902,39435.81,39435.81,3,836781.211636,21.139418874113353,21.51893637778639,20.759901370440318,,0.01107950363063881,0.011353272022497364,0.011756990514570242,0.01393492589629286,0.010000284638082668,0.011018575552454557,0.00710376951464412,-0.043866251794430544,-0.14054643237750655,-0.053426045957825914,0.15319909936353213,-0.2694857146645127,0.0002707317611010396,0.0003991067663564607,0.002150313385053337,-0.0038881147919531678,0.006043061990600672,21.06721428571415,21.00962666666657,65.0,35.751870813738726,1.0
2020-08-12 00:15:00,289502,21.1119,21.1271,21.1032,21.1032,34388.73,7514.63,4,726018.223117,21.13612624919396,21.49833572641465,20.773916771973266,,-0.008783383904331421,0.00219880419245011,0.002470167971422077,0.002870340448989817,0.00502914618813599,-0.008822185192227659,0.0071922327160106,-0.08577560942828369,-0.14345066789217065,-0.055165149443709705,0.14128995832975824,-0.2556249975586198,0.011018575552454557,0.0002707317611010396,0.0003991067663564607,0.002150313385053337,-0.0038881147919531678,21.088757142857013,21.01650666666657,65.0,37.147083397944186,1.0
2020-08-12 00:35:00,289506,21.0161,21.0446,21.0161,21.0238,36270.4,18624.19,4,762603.8542780002,21.125914771994506,21.474816337810346,20.777013206178665,,-0.003762462564919078,-0.012512799316117151,-0.0015719312909306946,-0.0013015885080185365,-0.0009029216644171887,-0.00376955843140836,0.007097879858274848,-0.07864518921219854,-0.12958955297713226,-0.04589295777165525,0.16098317298675915,-0.26408353018553504,-0.008822185192227659,0.011018575552454557,0.0002707317611010396,0.0003991067663564607,0.002150313385053337,21.08081428571415,21.029533333333237,55.0,38.06741250755917,1.0
2020-08-12 00:55:00,289510,21.0019,21.0239,20.9256,20.9256,40492.48,9811.35,4,849387.428018,21.107704338176823,21.451942990561964,20.763465685791683,,-0.004670896793158352,-0.008415785283748534,-0.017125250115076374,-0.006235485755263115,-0.005966405715588707,-0.004681839519778741,0.00711837749588719,-0.07230322786465407,-0.1143924374439101,-0.06043597667951879,0.1587524500590728,-0.2689434634820462,-0.00376955843140836,-0.008822185192227659,0.011018575552454557,0.0002707317611010396,0.0003991067663564607,21.070528571428444,21.030733333333234,47.0,38.72111716085536,1.0
2020-08-12 01:20:00,289515,20.9746,20.9971,20.9746,20.991,38476.79,22842.0,5,807597.925583,21.09709485288802,21.42933987940752,20.764849826368522,,0.0031253584126620377,-0.0015601366070834286,-0.005316729216422234,-0.014053414246930518,-0.003129615470463309,0.0031204846322916424,0.007055713270118831,-0.0895807100779977,-0.13711115835263946,-0.07325697716732245,0.19694456721576495,-0.2482704627286073,-0.004681839519778741,-0.00376955843140836,-0.008822185192227659,0.011018575552454557,0.0002707317611010396,21.063128571428443,21.035473333333236,47.0,39.76525800140629,1.0
2020-08-12 01:40:00,289519,21.0073,21.2351,21.0073,21.2351,40492.69,40492.69,4,855260.207429,21.109640775352744,21.4322398715832,20.787041679122293,,0.011628793292363326,0.014790495851970897,0.010050514179168244,0.006250236930891885,-0.0025880452038965496,0.0115616985287752,0.007262235411742923,-0.07269585516378965,-0.15044879277323825,-0.07790114887874937,0.1591863773796753,-0.1683078979299428,0.0031204846322916424,-0.004681839519778741,-0.00376955843140836,-0.008822185192227659,0.011018575552454557,21.089399999999863,21.063553333333235,65.0,41.47113044705841,1.0
2020-08-12 02:05:00,289524,21.1013,21.147,20.9579,20.9579,42101.51,6827.09,5,886492.9220319998,21.095846159411586,21.41065544568866,20.781036873134514,,-0.013053858941092787,-0.0015768662760231589,0.0015435638643575,-0.00313454275630487,-0.006885211721445184,-0.013139809366935484,0.007435616339666634,-0.12546571908023493,-0.15557256665329594,-0.04433895288638598,0.17756110186614935,-0.10861249051583162,0.0115616985287752,0.0031204846322916424,-0.004681839519778741,-0.00376955843140836,-0.008822185192227659,21.075257142857012,21.073853333333236,60.0,41.26611314764994,1.0
2020-08-12 02:20:00,289527,20.8989,20.9,20.8809,20.8809,42217.34,14796.8,3,882010.625146,21.07630559946508,21.391132802237912,20.761478396692244,,-0.003674032226511192,-0.016679930869174076,-0.005245105045019294,-0.0021361394655350363,-0.0067970585717139756,-0.003680798059922274,0.007444308985224826,-0.11213386549378,-0.16678587643076986,-0.049773665727331,0.18161727863877355,-0.1052996592187442,-0.013139809366935484,0.0115616985287752,0.0031204846322916424,-0.004681839519778741,-0.00376955843140836,21.016785714285586,21.053259999999906,53.0,40.85190341364983,-1.0
2020-08-12 02:45:00,289532,20.9368,20.9575,20.8852,20.8852,40212.24,17771.25,5,841370.023317,21.05893236315007,21.370759759433945,20.7471049668662,,0.0002059298210326244,-0.0034688589982774247,-0.016477435943320184,-0.005040255347529832,-0.001930649539320206,0.000205908620397377,0.007397214416724109,-0.13072648192758127,-0.17779244745000186,-0.0613974452533412,0.1796640877799886,-0.0838192901593764,-0.003680798059922274,-0.013139809366935484,0.0115616985287752,0.0031204846322916424,-0.004681839519778741,20.98564285714273,21.031546666666568,57.0,41.023020084468094,-1.0
2020-08-12 03:05:00,289536,20.7915,20.8371,20.7915,20.8371,37754.070000000014,22623.53,4,785394.523458,21.03876578468188,21.351822858336984,20.72570871102678,,-0.0023030662861740487,-0.0020976107351694533,-0.0057639362722409215,-0.01874255360229049,-0.007331713591539278,-0.0023057224222884365,0.007331870832767876,-0.14350618877878585,-0.19791435356144,-0.056904496595014065,0.2018058564263337,-0.0762682076724225,0.000205908620397377,-0.003680798059922274,-0.013139809366935484,0.0115616985287752,0.0031204846322916424,20.958971428571296,21.023859999999907,49.0,40.744491254621245,-1.0
2020-08-12 03:35:00,289542,20.8421,20.8778,20.7815,20.7826,38429.92,16167.06,6,800269.2948789998,21.01547798607444,21.334707617032027,20.69624835511685,,-0.00261552711269808,-0.004912569666558286,-0.00470765149011787,-0.00836438765334313,-0.02130905905788061,-0.0026189535797191965,0.007314452409867053,-0.15468313808497616,-0.20175707955166566,-0.039743786150841766,0.21133555209725785,-0.08548460018029902,-0.0023057224222884365,0.000205908620397377,-0.003680798059922274,-0.013139809366935484,0.0115616985287752,20.93854285714273,21.004073333333235,52.0,40.52271175202432,-1.0
2020-08-12 03:55:00,289546,20.8859,20.9837,20.8859,20.9812,37846.73,31080.47,4,792623.607049,21.012361805522218,21.317111943132954,20.70761166791149,,0.009556070943962823,0.006915549668619958,0.004596556413153818,0.00480343280222595,0.0011117526088015859,0.009510700511060843,0.007390145946331294,-0.16486831511010933,-0.1820656420940576,-0.02584314799145141,0.19162195401530852,-0.13783649547001134,-0.0026189535797191965,-0.0023057224222884365,0.000205908620397377,-0.003680798059922274,-0.013139809366935484,20.937142857142728,21.00297999999991,61.0,40.75435115760575,-1.0
2020-08-12 04:20:00,289551,20.9439,20.9829,20.8976,20.8976,35200.45,4480.73,5,737455.813602,21.001928914111108,21.296888482390575,20.70696934583165,,-0.003984519474577231,0.00553347511860891,0.0029034750517107355,0.00059372187003226,0.0007997739561034223,-0.003992478822117729,0.007402286298386271,-0.17093159995794968,-0.1773525981999293,-0.024935061896420276,0.1891522209042575,-0.1304429364777634,0.009510700511060843,-0.0026189535797191965,-0.0023057224222884365,0.000205908620397377,-0.003680798059922274,20.888928571428444,20.993299999999905,61.0,40.76438042231796,-1.0
2020-08-12 04:45:00,289556,20.873,20.873,20.8252,20.8329,36709.55,4784.1,5,765014.067808,20.98656264919192,21.277544326106653,20.695580972277178,,-0.0030960493070976147,-0.007068232512916439,0.002420293899704662,-0.00020156355730882594,-0.0025041656292494885,-0.0031008519831967622,0.00726409367118213,-0.18541559833891186,-0.17914865812638475,-0.016409763578151174,0.1714433537349324,-0.12875094627182335,-0.003992478822117729,0.009510700511060843,-0.0026189535797191965,-0.0023057224222884365,0.000205908620397377,20.8710714285713,20.97874666666657,52.0,40.60787564871161,-1.0
2020-08-12 05:15:00,289562,20.8296,20.8765,20.7603,20.8527,40545.68,19856.62,6,844775.456053,20.974393317447195,21.25806869795218,20.69071793694221,,0.0009504197687311144,-0.002148572084832767,-0.006124530532095496,0.003373013963604121,0.0007486646414327502,0.0009499684058296154,0.007250262403390814,-0.18476015605865306,-0.17898267913826438,-0.017280159494583832,0.1723642658136086,-0.11054830673474454,-0.0031008519831967622,-0.003992478822117729,0.009510700511060843,-0.0026189535797191965,-0.0023057224222884365,20.867042857142728,20.965133333333238,46.0,39.85304277854869,-1.0
2020-08-12 05:40:00,289567,20.8436,20.8436,20.7052,20.7235,38263.75,3456.23,5,793647.168137,20.951584834042908,21.243897117962792,20.659272550123013,,-0.0061958403468134185,-0.005251309227231825,-0.008331100222034982,-0.012282424265532943,-0.0028437250392153728,-0.006215114218745654,0.007286105836158777,-0.1887469096471584,-0.17021841320199424,-0.011376393372216291,0.14232569183390184,-0.1001092223849423,0.0009499684058296154,-0.0031008519831967622,-0.003992478822117729,0.009510700511060843,-0.0026189535797191965,20.84394285714273,20.927353333333237,41.0,39.28588224005966,-1.0
2020-08-12 06:00:00,289571,20.7223,20.7923,20.6125,20.6125,54786.22,3428.09,4,1131654.363387,20.920758940039004,21.237188915997105,20.604328964080906,,-0.005356238087195764,-0.011518892037961416,-0.010579420051937016,-0.013642714952913249,-0.017572874764074542,-0.005370634159289622,0.007310001812421923,-0.17523091798729487,-0.1733407109544809,-0.021128094320349927,0.16586680657222816,-0.1199583050098977,-0.006215114218745654,0.0009499684058296154,-0.0031008519831967622,-0.003992478822117729,0.009510700511060843,20.81185714285702,20.894639999999907,34.0,38.671042372029525,-1.0
2020-08-12 06:15:00,289574,20.6472,20.8413,20.6472,20.8413,42656.37,42656.37,3,885363.6009360001,20.913535400035453,21.21727563777678,20.609795162294134,,0.011100060642813771,0.005684367988032957,-0.000546691795306975,0.000403208386734466,-0.0026940892734094173,0.011038907092282724,0.007458282668627927,-0.18833290168752206,-0.16247014625222592,-0.04733610063640454,0.15698079392008935,-0.1254355911737237,-0.005370634159289622,-0.006215114218745654,0.0009499684058296154,-0.0031008519831967622,-0.003992478822117729,20.820242857142734,20.882473333333234,40.0,38.983379240306576,-1.0
2020-08-12 06:35:00,289578,20.8368,20.8431,20.83,20.8431,42180.42,18568.870000000006,4,878905.4195669999,20.907132181850415,21.198404704646148,20.61585965905468,,8.636697326935837e-05,0.011187386294724044,0.0057712259029603094,-0.00046037203815330047,0.0004896101838918199,8.636324385724592e-05,0.007456993236345763,-0.2010980445209362,-0.16352187400194546,-0.050355929181337265,0.1561070473463932,-0.14745824858731774,0.011038907092282724,-0.005370634159289622,-0.006215114218745654,0.0009499684058296154,-0.0031008519831967622,20.800514285714158,20.876973333333236,40.0,39.104124858282745,-1.0
2020-08-12 06:50:00,289581,20.8457,20.8501,20.8457,20.8501,41630.33,41630.33,3,867910.1602530002,20.901947438045827,21.180805934733645,20.623088941358017,,0.00033584255700924714,0.0004222385359837766,0.011526986052152743,0.0061090066832341075,-0.000124684093666394,0.0003357861745212353,0.006982347290550604,-0.11308089927861692,-0.18803394199838927,-0.08234004210439425,0.013933297941853759,-0.09559416339897443,8.636324385724592e-05,0.011038907092282724,-0.005370634159289622,-0.006215114218745654,0.0009499684058296154,20.793728571428442,20.867579999999908,41.0,38.603368368194204,-1.0
2020-08-12 07:05:00,289584,20.85,20.8523,20.8385,20.8385,35188.130000000005,14908.89,3,733572.414592,20.896179489132575,21.16353462477679,20.62882435348836,,-0.0005563522477111116,-0.0002206965374632608,-0.00013434862508576728,0.01096422073984238,0.005549255675923348,-0.0005565070690489726,0.006698161362058268,-0.09986621506972396,-0.17587093766491566,0.035493576286441966,-0.03551593938703846,-0.11912336215130807,0.0003357861745212353,8.636324385724592e-05,0.011038907092282724,-0.005370634159289622,-0.006215114218745654,20.79452857142845,20.841139999999907,41.0,38.702418118827595,-1.0
2020-08-12 07:15:00,289586,20.8592,21.2246,20.8592,21.2246,76602.59,76602.59,2,1621990.991728,20.92603589921143,21.219361907392173,20.6327098910307,,0.018528205005158727,0.01796154454894694,0.0183034193570053,0.01839136714120504,0.029695573074590483,0.018358648991674283,0.007204139122591083,-0.09658139992374233,-0.19216240444237165,0.04853440268340367,0.07326040852480444,-0.14137988797156525,-0.0005565070690489726,0.0003357861745212353,8.636324385724592e-05,0.011038907092282724,-0.005370634159289622,20.84765714285702,20.858919999999905,73.0,39.97548388793441,-1.0
2020-08-12 07:20:00,289587,21.3903,21.3903,21.3903,21.3903,35038.84,35038.84,1,749491.2992519998,20.96824172655585,21.315087918344947,20.621395534766744,-1.0,0.007806978694533839,0.026479833001415543,0.025908748639095203,0.02625329245649644,0.026341926847173625,0.0077766619223993425,0.007272582851533138,-0.062452151204875364,-0.18216197005778575,0.054715921456212735,0.08550432635274494,-0.08971898911230285,0.018358648991674283,-0.0005565070690489726,0.0003357861745212353,8.636324385724592e-05,0.011038907092282724,20.94291428571416,20.89287999999991,79.0,41.55733364283783,1.0
2020-08-12 07:25:00,289588,21.44,21.44,21.44,21.44,47611.14,47611.14,1,1020782.8416,21.011128842323497,21.402049912734523,20.620207771912472,-1.0,0.0023234830741036827,0.010148601151494184,0.028864841519303356,0.02829243025213302,0.028637774611262268,0.0023207879611981674,0.006758601745780853,-0.005665057722727018,-0.14607320832400975,0.11948347827515073,0.11077998109715904,-0.012896274573794334,0.0077766619223993425,0.018358648991674283,-0.0005565070690489726,0.0003357861745212353,8.636324385724592e-05,21.061128571428444,20.929866666666573,81.0,43.331848956665475,1.0
2020-08-12 07:35:00,289590,21.4496,21.4978,21.4496,21.4978,66557.16,66557.16,2,1429636.538252,21.055371674839545,21.48568651665312,20.625056833025965,-1.0,0.0026958955223881365,0.005025642464107749,0.01287185624228493,0.031638553638697615,0.031064599210555374,0.002692268114000917,0.0067053221858988255,-0.009749554617232531,-0.15732628956221714,0.12737879237013772,0.08098309335460889,-0.005388917754605261,0.0023207879611981674,0.0077766619223993425,0.018358648991674283,-0.0005565070690489726,0.0003357861745212353,21.154914285714163,20.973913333333236,82.0,45.328308576164,1.0
2020-08-12 07:45:00,289592,21.5394,21.5751,21.5394,21.5751,34561.16,34561.16,2,745059.1776630002,21.102619704399586,21.572808005278077,20.632431403521096,-1.0,0.0035957167710183313,0.006301305970149107,0.00863943002201939,0.016513856562667906,0.0353480336876455,0.0035892676363542537,0.006714799453641378,-0.012355632093590566,-0.1554957245608672,0.13087147746793454,0.10821815228338444,-0.004514307376253298,0.002692268114000917,0.0023207879611981674,0.0077766619223993425,0.018358648991674283,-0.0005565070690489726,21.259485714285592,21.02674666666657,85.0,46.882099103250674,1.0
2020-08-12 08:00:00,289595,21.5608,21.6968,21.5426,21.6968,49403.74000000001,18883.13,3,1067557.5243459998,21.15663609490872,21.67616612526566,20.637106064551773,-1.0,0.005640761804116767,0.009256761156955395,0.011977611940298338,0.014328924793013618,0.022247769098121983,0.005624912281572581,0.006697288357832797,-0.008966273842480459,-0.17900656877800428,0.14305634175174547,0.13009638382604038,0.05512193735138756,0.0035892676363542537,0.002692268114000917,0.0023207879611981674,0.0077766619223993425,0.018358648991674283,21.38044285714273,21.07445333333324,87.0,48.83661167460245,1.0
2020-08-12 08:10:00,289597,21.7046,21.7046,21.666,21.666,42853.66,29056.27,2,929588.9695819999,21.20294190446247,21.747029612592364,20.65885419633257,-1.0,-0.0014195641753622645,0.004213190205375693,0.007824056415074887,0.01054104477611939,0.01288901978934387,-0.0014205727111535893,0.006697880810420062,-0.01984575465666491,-0.17950265296284698,0.1418432916109503,0.1314434846097149,0.052557602492628905,0.005624912281572581,0.0035892676363542537,0.002692268114000917,0.0023207879611981674,0.0077766619223993425,21.498657142857017,21.125679999999907,87.0,50.82225051478678,1.0
2020-08-12 08:20:00,289599,21.8449,21.8618,21.8449,21.8618,52788.0,52788.0,2,1153591.514821,21.26283809496588,21.85771240122724,20.66796378870452,,0.009037201144650451,0.007604808082297909,0.013288466797372944,0.016931965131315563,0.019673507462686368,0.008996610012578898,0.006695770358375078,-0.0175069587081628,-0.15162703931710034,0.17074339335957026,0.16338310125833785,0.07647960593174717,-0.0014205727111535893,0.005624912281572581,0.0035892676363542537,0.002692268114000917,0.0023207879611981674,21.58968571428559,21.194273333333236,90.0,53.05927370897486,1.0
2020-08-12 08:35:00,289602,21.823,21.9211,21.7673,21.7673,45446.98,16170.98,3,992590.6877450001,21.308698268150803,21.918117659050264,20.69927887725133,-1.0,-0.004322608385402882,0.004675528477799285,0.003249327089708931,0.008908417573962657,0.012536166491454727,-0.004331977867178427,0.006720142888226349,-0.036674667231416734,-0.15134887901162095,0.15287669891334416,0.15134034892230785,0.06779331043312489,0.008996610012578898,-0.0014205727111535893,0.005624912281572581,0.0035892676363542537,0.002692268114000917,21.64354285714273,21.25524666666657,80.0,55.24413364486598,1.0
2020-08-12 08:50:00,289605,21.7789,21.7789,21.6918,21.7041,36002.01,18155.52,3,781967.8965820002,21.34464388013709,21.95140136161646,20.73788639865773,-1.0,-0.002903437725395364,-0.00721349568653995,0.001758515646635317,0.00033645514545921346,0.005979114812909359,-0.0029076608771272387,0.006733065720889158,-0.031677559279233394,-0.16437021241357647,0.15371526840877306,0.1404526602639561,0.05985945652001644,-0.004331977867178427,0.008996610012578898,-0.0014205727111535893,0.005624912281572581,0.0035892676363542537,21.681271428571304,21.320619999999906,71.0,57.435429187933856,1.0
2020-08-12 09:15:00,289610,21.6903,21.7571,21.6903,21.7571,34376.94,21348.78,5,747306.4553479998,21.38213989103372,21.988688838775953,20.775590943291487,,0.0024419349339526164,-0.00046859279745292687,-0.004789175639700161,0.0042047447613773326,0.002779211680985272,0.002438958255759793,0.006723582122125042,-0.04190594716308613,-0.17352414982275324,0.15632648335126484,0.13205255182782796,0.0520118883188434,-0.0029076608771272387,-0.004331977867178427,0.008996610012578898,-0.0014205727111535893,0.005624912281572581,21.718314285714158,21.396926666666566,70.0,59.02233798046011,1.0
2020-08-12 09:40:00,289615,21.7713,21.8896,21.7666,21.8896,35540.32,29598.95,5,775840.83887,21.428272628212472,22.04854308870012,20.808002167724823,,0.0060899660340763,0.008546772268834156,0.005618519522402997,0.001271624477399147,0.010320317548232259,0.00607149713630406,0.006738622185004786,-0.043335196492434884,-0.1854036405119714,0.13303216563941472,0.13458044774716382,0.028090056690320043,0.002438958255759793,-0.0029076608771272387,-0.004331977867178427,0.008996610012578898,-0.0014205727111535893,21.763242857142725,21.46681333333323,77.0,60.84255507147507,1.0
2020-08-12 10:10:00,289621,21.8403,21.843000000000004,21.7882,21.836,38608.19,16032.75,6,842662.9373920001,21.465338752920424,22.083576430117077,20.847101075723774,,-0.002448651414370451,0.003626402415763064,0.006077192788459307,0.003156110312257265,-0.0011801407020465284,-0.002451654264201686,0.006735512203094826,-0.0537207204999093,-0.19686480558140715,0.12727313593440676,0.13010360588965764,0.017649935349164154,0.00607149713630406,0.002438958255759793,-0.0029076608771272387,-0.004331977867178427,0.008996610012578898,21.783128571428453,21.533006666666566,77.0,62.433954238034794,1.0
2020-08-12 10:30:00,289625,21.8661,21.8661,21.7686,21.7686,36595.47,8238.97,4,797904.052347,21.492907957200387,22.097413699246268,20.888402215154503,,-0.0030866459058435107,-0.0055277392003509895,0.0005285630897500226,0.00297178874037618,5.9722611440049527e-05,-0.003091419422618813,0.006748811534315014,-0.05368823021159448,-0.21591574564684013,0.11713044209799227,0.138753932694773,0.02649947632571292,-0.002451654264201686,0.00607149713630406,0.002438958255759793,-0.0029076608771272387,-0.004331977867178427,21.797785714285588,21.5942399999999,78.0,63.800828747926865,1.0
2020-08-12 10:55:00,289630,21.7826,21.8528,21.7826,21.8528,36679.97,36679.97,5,799553.5184599998,21.52562541563672,22.12353468666157,20.927716144611864,,0.0038679565980357373,0.0007693716797947393,-0.0016811636576274935,0.004398564146876005,0.006851240088278089,0.003860495287741017,0.006725199281011264,-0.07993469018227926,-0.24725236925994085,0.13159402639842044,0.1410789361659624,0.0070551073984964074,-0.003091419422618813,-0.002451654264201686,0.00607149713630406,0.002438958255759793,-0.0029076608771272387,21.79649999999988,21.661859999999894,78.0,64.3226510161606,1.0
2020-08-12 11:25:00,289636,21.7632,21.8542,21.7584,21.7584,43861.1,17093.67,6,956131.816432,21.546786741487928,22.126075288965367,20.967498194010478,,-0.004319812564064884,-0.00046856481353863,-0.003553764425718864,-0.0059937139098018575,5.975061014562577e-05,-0.004329169912075771,0.0066551064908101035,-0.12601996678567595,-0.22839057639208826,0.13943500851569224,0.10458009918263156,-0.003784357926394047,0.003860495287741017,-0.003091419422618813,-0.002451654264201686,0.00607149713630406,0.002438958255759793,21.795228571428453,21.697446666666565,73.0,64.16601384862808,1.0
2020-08-12 11:45:00,289640,21.7567,21.7953,21.6733,21.6733,35329.67,4835.74,4,767775.4508529998,21.558287946807205,22.113439677569886,21.003136216044524,,-0.00391113317155678,-0.008214050373407389,-0.004377865365710165,-0.0074509983513463265,-0.009881404868065213,-0.003918801654401616,0.006564929604637454,-0.10267816736795636,-0.2388039590984592,0.12515757625400942,0.10753853461142432,0.06892535113338255,-0.004329169912075771,0.003860495287741017,-0.003091419422618813,-0.002451654264201686,0.00607149713630406,21.790828571428452,21.71631333333323,58.0,63.616871439643475,1.0
2020-08-12 12:05:00,289644,21.6751,21.6972,21.5468,21.5468,35250.09,14681.68,4,762835.879001,21.55724358800655,22.08658433438415,21.02790284162895,,-0.005836674618078464,-0.009724979777924858,-0.014002782252159784,-0.01018898780812727,-0.013244183916468087,-0.005853774573759907,0.006616559902258857,-0.08668544515948137,-0.21270921919784735,0.1163313879806441,0.10252022738312797,0.07875072490350851,-0.003918801654401616,-0.004329169912075771,0.003860495287741017,-0.003091419422618813,-0.002451654264201686,21.76078571428559,21.72343333333323,44.0,62.551489555782595,1.0
2020-08-12 12:30:00,289649,21.6096,21.7133,21.6096,21.7051,34267.73,28963.04,5,741823.6088360002,21.57068508000595,22.07960272269185,21.06176743732005,,0.007346798596543413,0.0014672431055722244,-0.002449628649165425,-0.006758859276614349,-0.0029170456529128423,0.007319942329904182,0.00668440870290437,-0.10583859381933844,-0.22410283794518107,0.1086792717145753,0.11152848997123288,0.0641837697433712,-0.005853774573759907,-0.003918801654401616,-0.004329169912075771,0.003860495287741017,-0.003091419422618813,21.734428571428452,21.737253333333236,46.0,61.76039309035915,-1.0
2020-08-12 13:05:00,289656,21.7205,21.7957,21.7193,21.7521,38919.53,24062.270000000004,7,846324.7594679998,21.587177345459963,22.07898812985932,21.095366561060594,,0.0021653897010378564,0.009528096979597887,0.0036358099597200155,-0.00028954334877573373,-0.004608105139844776,0.002163048623713415,0.006634072026471928,-0.10543186405364732,-0.19446312569573368,0.10636024666798112,0.07067922034273276,0.08503312501848491,0.007319942329904182,-0.005853774573759907,-0.003918801654401616,-0.004329169912075771,0.003860495287741017,21.722442857142735,21.74905333333323,55.0,60.87874707246385,-1.0
2020-08-12 13:35:00,289662,21.7276,21.8263,21.6484,21.8263,41430.87,23807.93,6,900255.1826250001,21.608915768599964,22.0895956618189,21.12823587538102,,0.00341116489902138,0.005583941101400036,0.01297176378859044,0.007059377206055206,0.0031206338701375014,0.0034053600731036577,0.006640437786542682,-0.09982109293327854,-0.18266886641879013,0.09164245336220014,0.06795698209762623,0.07319327333209692,0.002163048623713415,0.007319942329904182,-0.005853774573759907,-0.003918801654401616,-0.004329169912075771,21.730685714285592,21.757686666666565,47.0,60.29025105097148,-1.0
2020-08-12 13:50:00,289665,21.855,21.9637,21.855,21.8841,41634.28,24891.21,3,912244.699389,21.633932516909056,22.10809888286931,21.159766150948805,,0.002648181322532972,0.006068379604727836,0.008246909712463779,0.015654296693708547,0.009726253039453958,0.0026446810685505358,0.006151605877571209,-0.1082783311577292,-0.07473129283065158,0.0527755997863582,0.11548825855847185,0.06066490426617081,0.0034053600731036577,0.002163048623713415,0.007319942329904182,-0.005853774573759907,-0.003918801654401616,21.735157142857016,21.772226666666562,60.0,59.522046961114064,-1.0
2020-08-12 14:10:00,289669,21.9647,21.9647,21.8982,21.9039,35399.14,14281.18,4,775778.133083,21.65847501537187,22.12604795905484,21.190902071688896,,0.0009047664742896088,0.003555343782500886,0.006978636545436956,0.009159137714177756,0.016573226650825168,0.0009043574198170924,0.006151513615215835,-0.11057282855341573,-0.07635100063502644,0.054441133269233985,0.11371906687976305,0.06006137071654868,0.0026446810685505358,0.0034053600731036577,0.002163048623713415,0.007319942329904182,-0.005853774573759907,21.755942857142735,21.77503333333323,60.0,59.15379506768533,-1.0
2020-08-12 14:35:00,289674,21.9188,21.9436,21.892,21.892,39033.61,19894.76,5,855410.3616399999,21.679704559428973,22.13730388402497,21.22210523483298,,-0.0005432822465406549,0.00036099268418610114,0.0030101299808029673,0.006431562929556156,0.008610879470723365,-0.0005434298778128621,0.005866433635336377,-0.07642545902653873,-0.11909737152838575,0.06468183432405619,0.11422459627110695,0.05166844776614921,0.0009043574198170924,0.0026446810685505358,0.0034053600731036577,0.002163048623713415,0.007319942329904182,21.787185714285588,21.783346666666564,59.0,58.96361503399945,1.0
2020-08-12 15:00:00,289679,21.8439,21.8729,21.8217,21.871,33840.270000000004,12489.39,5,739601.678392,21.69709505402634,22.14151144698692,21.252678661065765,,-0.0009592545221999148,-0.001502015622788733,-0.0005986081218785078,0.0020479879778065872,0.00546613890153136,-0.0009597149012567918,0.005824029649850685,-0.061174012805533036,-0.12420003094031773,0.06447526233815068,0.1137883589367744,0.017941414604471188,-0.0005434298778128621,0.0009043574198170924,0.0026446810685505358,0.0034053600731036577,0.002163048623713415,21.83349999999988,21.794473333333237,50.0,58.57915253822205,1.0
2020-08-12 15:25:00,289684,21.8486,21.8486,21.7527,21.8468,35870.42,16608.07,5,782166.4240930001,21.710704594569407,22.139571308898937,21.28183788023987,,-0.0011064880435278646,-0.0020646811620682604,-0.002606841703988727,-0.001704433812676709,0.0009392338600680006,-0.0011071006533613923,0.005792147014025958,-0.055582850962406505,-0.12436940756243155,0.06325937528077903,0.14691715220085735,-0.013401760232252436,-0.0009597149012567918,-0.0005434298778128621,0.0009043574198170924,0.0026446810685505358,0.0034053600731036577,21.853742857142734,21.80045333333323,42.0,57.845783780785,1.0
2020-08-12 15:55:00,289690,21.8293,21.8804,21.8293,21.8424,37207.02,18446.94,6,812782.4214250002,21.722676904154007,22.13570519734498,21.309648610963027,,-0.00020140249372913038,-0.001307667687805658,-0.002265667823862505,-0.002807719173297807,-0.0019054930291855234,-0.00020142277793500082,0.005790447801660751,-0.05412818878142057,-0.12282663036283882,0.057817061073478365,0.15924138196339846,-0.01081153823469514,-0.0011071006533613923,-0.0009597149012567918,-0.0005434298778128621,0.0009043574198170924,0.0026446810685505358,21.86664285714274,21.79730666666656,46.0,57.29893686284192,1.0
2020-08-12 16:15:00,289694,21.8727,21.8727,21.7407,21.7458,43766.93,25198.46,4,953886.1638989999,21.72477900377637,22.118718552824124,21.33083945472861,,-0.0044225909240743775,-0.0046231026969626434,-0.005724475332632206,-0.006678238625982158,-0.007217892704039053,-0.004432399509572971,0.0058364837239285655,-0.0508029883561684,-0.1174274081273971,0.062180323982603564,0.1621672567454363,-0.01265270005354298,-0.00020142277793500082,-0.0011071006533613923,-0.0009597149012567918,-0.0005434298778128621,0.0009043574198170924,21.855142857142734,21.791293333333225,37.0,56.561651242372726,1.0
2020-08-12 16:55:00,289702,21.7949,21.8,21.7224,21.7614,39286.42,23021.89,8,854743.9839329999,21.728108185251244,22.104063210901007,21.35215315960148,,0.0007173799078441513,-0.0037083836940996475,-0.003909039310105111,-0.005011202048374575,-0.005965649552347907,0.0007171227138749182,0.005836234293846106,-0.049851463024414615,-0.1239512198985368,0.06097929456208635,0.16177551962165598,-0.011658897938479755,-0.004432399509572971,-0.00020142277793500082,-0.0011071006533613923,-0.0009597149012567918,-0.0005434298778128621,21.837614285714174,21.790813333333226,36.0,55.70687553265,1.0
2020-08-12 17:20:00,289707,21.7184,21.7184,21.6079,21.6079,38338.55,9163.1,5,830144.275558,21.71718016841022,22.07955321689621,21.35480711992423,,-0.007053774113797706,-0.006341454441777139,-0.010735999706991906,-0.010935239943607344,-0.012029628274884407,-0.007078769589401902,0.005740995708215969,0.0100522905730518,-0.07064541612654576,0.10383199537950924,0.1569943546587486,-0.0816199784624184,0.0007171227138749182,-0.004432399509572971,-0.00020142277793500082,-0.0011071006533613923,-0.0009597149012567918,21.795328571428453,21.77448666666656,27.0,54.57815452701141,1.0
2020-08-12 17:45:00,289712,21.6336,21.6895,21.6098,21.6098,36698.65,19462.26,5,794075.2544549998,21.707418334918383,22.05617021770613,21.358666452130638,,8.793080308588941e-05,-0.006966463554734403,-0.006254081247873078,-0.010649012928982238,-0.010848270684951644,8.792693739945179e-05,0.005588440013683951,-0.013840392897316865,-0.10705409951185056,0.12393461530959254,0.24400313475789914,-0.18994316218517904,-0.007078769589401902,0.0007171227138749182,-0.004432399509572971,-0.00020142277793500082,-0.0011071006533613923,21.755014285714175,21.764579999999896,27.0,53.760030813497075,-1.0
2020-08-12 18:25:00,289720,21.7061,21.7212,21.6714,21.6824,34959.96,20565.34,8,758594.902455,21.70514394083489,22.037849524123782,21.372438357546,,0.0033595868541125284,0.0034478130683686103,-0.0036302811400000796,-0.002915505522905426,-0.007325202358715144,0.00335395605012323,0.005568804443323496,-0.030024127354914356,-0.11219257824976447,0.1648622756784118,0.2030594796573536,-0.21022654427423498,8.792693739945179e-05,-0.007078769589401902,0.0007171227138749182,-0.004432399509572971,-0.00020142277793500082,21.728071428571315,21.765186666666565,33.0,53.66372777975623,-1.0
2020-08-12 18:45:00,289724,21.65,21.65,21.4767,21.4767,43270.27,0.0,4,931535.067986,21.684376309849906,22.017271694570827,21.35148092512898,,-0.009486957163413634,-0.006159242565872858,-0.00607185334993221,-0.013082797981747385,-0.012374803410313606,-0.009532244998288421,0.005703607312719708,-0.03841417188556875,-0.07054747593276417,0.17175740237453754,0.18089731275789114,-0.16313329296618,0.00335395605012323,8.792693739945179e-05,-0.007078769589401902,0.0007171227138749182,-0.004432399509572971,21.675199999999887,21.76051333333323,21.0,52.420572567781385,-1.0
2020-08-12 19:10:00,289729,21.6168,21.6548,21.551,21.6548,35523.32,25122.43,5,767489.81941,21.681687554409,21.999359785936843,21.364015322881166,,0.008292707911364383,-0.001272921816773076,0.0020823885459375635,0.0021705024551206265,-0.004898581892708975,0.00825851232836472,0.005796939211843597,-0.10700241769852206,-0.03525921983740792,0.17410753160283876,0.13207092565625894,-0.1559366766947133,-0.009532244998288421,0.00335395605012323,8.792693739945179e-05,-0.007078769589401902,0.0007171227138749182,21.648399999999885,21.757159999999896,22.0,51.73895981496416,-1.0
2020-08-12 19:50:00,289737,21.7001,21.7321,21.6688,21.6773,34118.64,16656.9,8,740490.348047,21.681288685826367,21.984183478835092,21.378393892817645,,0.0010390306075325206,0.009340354896236304,-0.0002352138139690707,0.0031235828189062342,0.003211788281137773,0.0010384911888468018,0.00557859695304404,-0.00720729361224575,-0.0027166081518486913,0.18652512731744506,0.16431826473311045,-0.1319190899490052,0.00825851232836472,-0.009532244998288421,0.00335395605012323,8.792693739945179e-05,-0.007078769589401902,21.638614285714173,21.752173333333236,34.0,50.95842213253231,-1.0
2020-08-12 20:35:00,289746,21.6955,21.775,21.6735,21.6759,35369.2,18997.46,9,768325.494831,21.680798805296696,21.96960747456389,21.391990136029502,,-6.458368892803268e-05,0.0009743798141750305,0.0092751679727332,-0.00029978231192129284,0.0030587973974769427,-6.458577454449001e-05,0.005225657871765986,-0.05344562685834548,-0.013631229095679731,0.1672488154620039,0.1361542870045625,-0.04664023471918855,0.0010384911888468018,0.00825851232836472,-0.009532244998288421,0.00335395605012323,8.792693739945179e-05,21.62639999999988,21.742146666666564,40.0,50.03966988690615,-1.0
2020-08-12 21:15:00,289754,21.6519,21.678,21.5571,21.5571,42890.61,12230.94,8,927048.2105360001,21.669553459360632,21.950293989286045,21.38881292943521,,-0.005480741284098922,-0.005544971006536836,-0.004511701793597833,0.0037435918926089773,-0.0057788805667270396,-0.005495815650976788,0.005262696835856668,-0.05104133188856581,-0.025102890825162764,0.11567540358409367,0.21433444916674704,-0.07750111188086987,-6.458577454449001e-05,0.0010384911888468018,0.00825851232836472,-0.009532244998288421,0.00335395605012323,21.619142857142734,21.720346666666565,31.0,48.64932480212348,-1.0
2020-08-12 21:55:00,289762,21.5273,21.5614,21.4632,21.4807,35278.28000000001,15504.84,8,759107.8209879998,21.652384963055123,21.932766601633677,21.372003324476573,,-0.0035440759656910625,-0.00900539308633086,-0.009069395173753159,-0.008039787945397947,0.00018624835286606967,-0.0035503710808955096,0.005295689477281985,-0.032175062376538444,-0.023776187892948192,0.1215520629649436,0.18385834709501309,-0.0409263137147979,-0.005495815650976788,-6.458577454449001e-05,0.0010384911888468018,0.00825851232836472,-0.009532244998288421,21.600699999999883,21.69213333333323,26.0,47.06483984828566,-1.0
2020-08-12 22:40:00,289771,21.551,21.5838,21.5001,21.5836,37837.84,23225.76,9,815461.5055130002,21.646131784595564,21.915187427262488,21.37707614192864,,0.004790346683301916,0.0012292933650630555,-0.004258185357931986,-0.00432249403754148,-0.0032879546336147536,0.0047789094835200005,0.005312139903637467,-0.05160448443918287,-0.023150672266920903,0.1081846688790003,0.17581649804236432,-0.015591728448702998,-0.0035503710808955096,-0.005495815650976788,-6.458577454449001e-05,0.0010384911888468018,0.00825851232836472,21.586585714285594,21.67157333333323,29.0,45.98288869704203,-1.0
2020-08-12 23:15:00,289778,21.5411,21.5927,21.5244,21.5927,33745.86,11970.21,7,727462.0118150002,21.64127434963233,21.89889299917685,21.38365570008781,,0.0004216164124613009,0.005213982784546323,0.0016514280677828452,-0.0038383642663049056,-0.0039027000595092116,0.0004215275572359012,0.0052906843879547616,-0.031832826200726645,-0.03428303322335266,0.09902210089867056,0.1773473624889023,-0.035854796976562714,0.0047789094835200005,-0.0035503710808955096,-0.005495815650976788,-6.458577454449001e-05,0.0010384911888468018,21.603157142857018,21.6530199999999,31.0,45.0465515412061,-1.0
2020-08-12 23:45:00,289784,21.618000000000002,21.6269,21.5276,21.6122,34015.97,16217.39,6,734247.5076329998,21.638631226938482,21.88459670826364,21.39266574561333,,0.0009030829863796439,0.0013250801534498982,0.006121774430069893,0.002556002430753823,-0.002938747641389572,0.0009026754522794,0.005138136163818314,-0.0012379614672278904,-0.008108772880780121,0.09958268443751823,0.23339269443646596,0.008687655538362959,0.0004215275572359012,0.0047789094835200005,-0.0035503710808955096,-0.005495815650976788,-6.458577454449001e-05,21.59707142857131,21.63737999999989,36.0,44.21003081463404,-1.0
2020-08-13 00:00:00,289787,21.5761,21.5761,21.4919,21.5416,39695.35,25705.53,3,854689.0351819998,21.629810206307713,21.868216116665028,21.391404295950387,,-0.0032666734529572805,-0.002366540543794926,-0.0019459219036677133,0.0028351031390969612,-0.0007190206474896321,-0.0032720206789513817,0.005126011396249997,-0.01584129253379911,-0.006621286311022507,0.06166372362768303,0.2265015184027989,0.07250809297485457,0.0009026754522794,0.0004215275572359012,0.0047789094835200005,-0.0035503710808955096,-0.005495815650976788,21.577685714285593,21.61732666666656,33.0,43.55172744352026,-1.0
2020-08-13 00:15:00,289790,21.5935,21.61,21.5235,21.5235,65287.88000000001,30261.30000000001,3,1407651.75906,21.62014564209792,21.852259856502034,21.388031427693807,,-0.0008402347086567952,-0.0041041633891969465,-0.0032047868029474453,-0.002784521581200683,0.0019924862783802233,-0.000840587903697898,0.00510255772217419,-0.010299731552719269,-0.028395730733012544,0.04384530473869218,0.2638677421094612,0.07596718910718649,-0.0032720206789513817,0.0009026754522794,0.0004215275572359012,0.0047789094835200005,-0.0035503710808955096,21.55591428571416,21.602506666666564,39.0,42.76701168067748,-1.0
2020-08-13 00:35:00,289794,21.5045,21.5301,21.5045,21.5301,50856.5,32971.94,4,1094297.27407,21.611959674634477,21.83682010113939,21.38709924812955,,0.0003066415778103515,-0.0005338507817431727,-0.003798780318523765,-0.0028991279460187647,-0.0024787338534812964,0.0003065945728906172,0.005102602811850936,-0.008420493185819064,-0.02575564129692965,0.0441984832895103,0.26410055357862994,0.07412908324254833,-0.000840587903697898,-0.0032720206789513817,0.0009026754522794,0.0004215275572359012,0.0047789094835200005,21.552057142857016,21.587086666666565,37.0,42.64619553938885,-1.0
2020-08-13 00:55:00,289798,21.4582,21.5085,21.4582,21.4751,35898.17,19360.06,4,771257.7402930001,21.599517886031343,21.82227953428601,21.376756237776668,,-0.002554563146478617,-0.0022487049039421336,-0.003087050172689065,-0.00634363924079917,-0.005446285087089553,-0.0025578316104315486,0.005028006957638409,-0.042801343802588265,0.03874423629244611,0.052391233929282736,0.26594554296230605,0.06884538690752977,0.0003065945728906172,-0.000840587903697898,-0.0032720206789513817,0.0009026754522794,0.0004215275572359012,21.55125714285702,21.578233333333234,32.0,42.29762224261477,-1.0
2020-08-13 01:15:00,289802,21.5409,21.5409,21.5077,21.5234,43686.36,20553.62,4,940368.848702,21.59259807821031,21.807639576602146,21.37755657981848,,0.0022491164185496353,-0.0003111922378438159,-4.6460845122275884e-06,-0.0008448768893675185,-0.004108790405419338,0.00224659094223556,0.004954795803595711,0.0057199827790065366,0.03551499433804889,0.0489850579042648,0.2556773364186142,0.2021445113450561,-0.0025578316104315486,0.0003065945728906172,-0.000840587903697898,-0.0032720206789513817,0.0009026754522794,21.542657142857017,21.57247333333323,39.0,41.88948087319978,-1.0
2020-08-13 01:35:00,289806,21.5401,21.5401,21.5289,21.5401,42682.110000000015,22672.4,4,919236.7789340001,21.587825525645734,21.79416762909709,21.381483422194385,,0.0007758997184459383,0.003026761225791708,0.0004644660266324152,0.0007712500290379952,-6.963271066218191e-05,0.0007755988638713518,0.004732303460340315,0.0115581173522913,0.03987660111564074,0.06299475283731136,0.11846485298645675,0.12880978200792492,0.00224659094223556,-0.0025578316104315486,0.0003065945728906172,-0.000840587903697898,-0.0032720206789513817,21.535142857142734,21.562986666666564,39.0,42.30237182607786,-1.0
2020-08-13 01:50:00,289809,21.4774,21.4774,21.4313,21.4603,41432.76,13707.87,3,889252.347232,21.576232296041574,21.78088246519637,21.371582126886786,,-0.0037047181767957404,-0.0029316929481401077,-0.0006891702483341478,-0.003241972865894782,-0.002936325411759144,-0.003711597641421261,0.004772006683651525,0.010871602869345642,0.032607189621572163,0.099252324100731,0.12880044312469016,0.13613947861096118,0.0007755988638713518,0.00224659094223556,-0.0025578316104315486,0.0003065945728906172,-0.000840587903697898,21.51344285714273,21.561893333333234,28.0,41.696595037242815,-1.0
2020-08-13 02:25:00,289816,21.4514,21.5367,21.4514,21.4805,43254.66,17577.04,7,929450.016227,21.5675293600378,21.76718819050897,21.367870529566623,,0.0009412729551776523,-0.00276693237264447,-0.0019931795162474453,0.0002514540095273077,-0.002303751492097161,0.0009408302355811137,0.004772132495720435,0.00916812157583158,0.04519941069472937,0.10702965825390824,0.12622962509611346,0.13745142057047496,-0.003711597641421261,0.0007755988638713518,0.00224659094223556,-0.0025578316104315486,0.0003065945728906172,21.504714285714158,21.550273333333234,40.0,41.12763296139498,-1.0
2020-08-13 02:45:00,289820,21.385,21.385,21.3186,21.3186,40822.46,0.0,4,871363.2745930002,21.544899418216186,21.764759328355012,21.32503950807736,,-0.007537068503991939,-0.006602889987558425,-0.01028314631779792,-0.009515225289684627,-0.007287509720560138,-0.007565615736900622,0.004907692059015422,0.02917521430637237,0.09017040214295503,0.10598325224561496,0.11308206536345547,0.16462558010205894,0.0009408302355811137,-0.003711597641421261,0.0007755988638713518,0.00224659094223556,-0.0025578316104315486,21.475442857142735,21.5263599999999,28.0,39.95813364692994,-1.0
